listingId,title,streetAddress,address,rent,beds,baths,sqft,propertyType,phone,latitude,longitude,url,placardType,timestamp
5hb2j1q,Aspen Green at Simsbury,20 Hopmeadow St,"20 Hopmeadow St, Village of Weatogue, CT 06089","$2,475 - $4,500",3,,,,(860) 784-7934,41.8228543,-72.8275773,https://www.apartments.com/aspen-green-at-simsbury-village-of-weatogue-ct/5hb2j1q/,diamond,2025-07-01T04:14:50.782Z
1bl22r6,Avon Woods Apartments,64 Avonwood Rd,"64 Avonwood Rd, Avon, CT 06001","$1,645 - $2,325",2,,,,(860) 846-3257,41.80098,-72.8242978,https://www.apartments.com/avon-woods-apartments-avon-ct/1bl22r6/,diamond,2025-07-01T04:14:50.833Z
jejxft7,King's Ridge (small quiet community),144 Hopmeadow St,"144 Hopmeadow St, Weatogue, CT 06089","$1,950 - $2,550",2,,,,(860) 421-9834,41.8319027,-72.8177831,https://www.apartments.com/kings-ridge-small-quiet-community-weatogue-ct/jejxft7/,gold,2025-07-01T04:14:50.862Z
18lmv05,The Flats at Talcott,51 Hopmeadow St,"51 Hopmeadow St, Weatogue, CT 06089","$1,760 - $1,805",1,,,,(959) 200-8673,41.8271392,-72.8277449,https://www.apartments.com/the-flats-at-talcott-weatogue-ct/18lmv05/,gold,2025-07-01T04:14:50.891Z
7w05g8y,Canal Place,1 Old Canal Way,"1 Old Canal Way, Weatogue, CT 06089","$2,065",3,,,,(860) 847-7465,41.8345121,-72.81914379999999,https://www.apartments.com/canal-place-weatogue-ct/7w05g8y/,gold,2025-07-01T04:14:50.923Z
rl0h433,Avon Colonial Manor,156 W Main St,"156 W Main St, Avon, CT 06001","$1,585 - $1,795",2,,,,(959) 251-1059,41.506841,-112.015958,https://www.apartments.com/avon-colonial-manor-avon-ct/rl0h433/,silver,2025-07-01T04:14:50.948Z
gb1twpx,"3 Sterling Pl, Avon, CT 06001",3 Sterling Pl,,"$2,800",2,2,1200,Townhome for Rent,(860) 864-5602,41.7579,-72.79674,https://www.apartments.com/3-sterling-pl-avon-ct/gb1twpx/,prosumer,2025-07-01T04:14:50.980Z
7db0pyy,"115 W Avon Rd, Unionville, CT 06085",115 W Avon Rd,,"$4,000",4,3,2342,House for Rent,(860) 530-6951,41.7579,-72.79674,https://www.apartments.com/115-w-avon-rd-unionville-ct/7db0pyy/,prosumer,2025-07-01T04:14:51.021Z
88k0w01,"1744 Farmington Ave Unit 2, Unionville, CT 06085",1744 Farmington Ave Unit 2,,"$1,600",1,1,650,Apartment for Rent,(860) 785-6445,41.7579,-72.79674,https://www.apartments.com/1744-farmington-ave-unionville-ct/88k0w01/,prosumer,2025-07-01T04:14:51.045Z
r7clh31,"10 Riverview Unit 10, Avon, CT 06001",10 Riverview Unit 10,,"$3,000",2,2.5,2028,Condo for Rent,(860) 986-9297,41.7579,-72.79674,https://www.apartments.com/10-riverview-avon-ct-unit-10/r7clh31/,prosumer,2025-07-01T04:14:51.081Z
bp29lkc,"16 Applewood Ln Unit 16, Avon, CT 06001",16 Applewood Ln Unit 16,,"$3,500",3,2.5,1910,Condo for Rent,(860) 944-3773,41.7579,-72.79674,https://www.apartments.com/16-applewood-ln-avon-ct-unit-16/bp29lkc/,prosumer,2025-07-01T04:14:51.131Z
6nhebpr,"84 New Rd, Avon, CT 06001",84 New Rd,,"$2,950",4,2.5,1922,House for Rent,(860) 888-2732,41.7579,-72.79674,https://www.apartments.com/84-new-rd-avon-ct/6nhebpr/,prosumer,2025-07-01T04:14:51.156Z
61l2ens,"55 Bishop Ln, Avon, CT 06001",55 Bishop Ln,,"$25,000",6,6,12157,House for Rent,(860) 874-6646,41.7579,-72.79674,https://www.apartments.com/55-bishop-ln-avon-ct/61l2ens/,prosumer,2025-07-01T04:14:51.190Z
rmhbnc0,"31 Rivermead, Avon, CT 06001",31 Rivermead,,"$3,150",3,3.5,1872,Condo for Rent,(860) 919-1631,41.7579,-72.79674,https://www.apartments.com/31-rivermead-avon-ct/rmhbnc0/,prosumer,2025-07-01T04:14:51.243Z
fqtqjzs,"41 Mallard Dr Unit 41, Avon, CT 06001",41 Mallard Dr Unit 41,,"$2,700",2,2,1258,Condo for Rent,(860) 573-0277,41.7579,-72.79674,https://www.apartments.com/41-mallard-dr-avon-ct-unit-41/fqtqjzs/,prosumer,2025-07-01T04:14:51.272Z
x9j6rwp,"54 Bridge St Unit #54 2nd floor west, Collinsville, CT 06019",54 Bridge St Unit #54 2nd floor west,,"$1,600",1,1,700,Apartment for Rent,(860) 560-1605,41.7579,-72.79674,https://www.apartments.com/54-bridge-st-collinsville-ct/x9j6rwp/,prosumer,2025-07-01T04:14:51.299Z
gwshp6y,"1657 Farmington Ave, Farmington, CT 06085",1657 Farmington Ave,,"$3,000",4,2.5,1608,House for Rent,(860) 913-9411,41.7579,-72.79674,https://www.apartments.com/1657-farmington-ave-farmington-ct/gwshp6y/,prosumer,2025-07-01T04:14:51.324Z
qfweh0w,"35 High St, Canton, CT 06019",35 High St,,"$2,800",4,1,1540,House for Rent,(860) 416-0388,41.7579,-72.79674,https://www.apartments.com/35-high-st-canton-ct/qfweh0w/,prosumer,2025-07-01T04:14:51.349Z
mw4jfeh,"92 Kenmore Rd, Bloomfield, CT 06002",92 Kenmore Rd,,"$5,500",3,2,2304,House for Rent,(203) 217-2692,41.7579,-72.79674,https://www.apartments.com/92-kenmore-rd-bloomfield-ct/mw4jfeh/,prosumer,2025-07-01T04:14:51.379Z
4fpt87k,"115 W Avon Rd, Farmington, CT 06085",115 W Avon Rd,,"$4,000",4,3,2642,House for Rent,(203) 228-3738,41.7579,-72.79674,https://www.apartments.com/115-w-avon-rd-farmington-ct/4fpt87k/,prosumer,2025-07-01T04:14:51.403Z
4qrq80l,Station 280,280 Salmon Brook St,"280 Salmon Brook St, Granby, CT 06035","$2,199 - $3,400",3,,,,(717) 895-8376,41.9589218,-72.787604,https://www.apartments.com/station-280-granby-ct/4qrq80l/,diamond,2025-07-01T04:15:07.031Z
t0w0yfc,The Olmsted Farmington,80 Batterson Park Rd,"80 Batterson Park Rd, Farmington, CT 06032","$2,265 - $5,640",3,,,,(959) 200-8329,41.714588,-72.792411,https://www.apartments.com/the-olmsted-farmington-farmington-ct/t0w0yfc/,diamond,2025-07-01T04:15:07.054Z
5hb2j1q,Aspen Green at Simsbury,20 Hopmeadow St,"20 Hopmeadow St, Village of Weatogue, CT 06089","$2,475 - $4,500",3,,,,(860) 784-7934,41.8228543,-72.8275773,https://www.apartments.com/aspen-green-at-simsbury-village-of-weatogue-ct/5hb2j1q/,diamond,2025-07-01T04:15:07.083Z
9zkjyq4,Mill Commons,1 Millers Way,"1 Millers Way, Simsbury, CT 06070","$2,833",2,,,,(877) 357-4465,52.19003670000001,-0.8812905,https://www.apartments.com/mill-commons-simsbury-ct/9zkjyq4/,diamond,2025-07-01T04:15:07.104Z
ght214x,The Pointe at Dorset Crossing,55 Dorset Crossing Dr,"55 Dorset Crossing Dr, Simsbury, CT 06070","$2,041 - $2,883",2,,,,(860) 847-7771,41.906691,-72.7914773,https://www.apartments.com/the-pointe-at-dorset-crossing-simsbury-ct/ght214x/,diamond,2025-07-01T04:15:07.128Z
1bl22r6,Avon Woods Apartments,64 Avonwood Rd,"64 Avonwood Rd, Avon, CT 06001","$1,645 - $2,325",2,,,,(860) 846-3257,41.80098,-72.8242978,https://www.apartments.com/avon-woods-apartments-avon-ct/1bl22r6/,diamond,2025-07-01T04:15:07.152Z
jj9vbz6,Up House,15 Farm Springs Rd,"15 Farm Springs Rd, Farmington, CT 06032","$1,649",2,,,,(860) 845-1202,41.7129997,-72.8014632,https://www.apartments.com/up-house-farmington-ct/jj9vbz6/,diamond,2025-07-01T04:15:07.175Z
6bc5n7t,The BRIT,267 Main St,"267 Main St, New Britain, CT 06051","$1,625 - $2,925",2,,,,(959) 666-6426,-27.4702716,153.0353584,https://www.apartments.com/the-brit-new-britain-ct/6bc5n7t/,diamond,2025-07-01T04:15:07.197Z
h3lq9m2,80 South Rd,80 South Rd,"80 South Rd, Farmington, CT 06032","$1,975",2,,,,(860) 850-2509,41.723779,-72.793814,https://www.apartments.com/80-south-rd-farmington-ct/h3lq9m2/,diamond,2025-07-01T04:15:07.220Z
vye0swg,The Grand Meadows,1 Bramble Bush Cir,"1 Bramble Bush Cir, East Granby, CT 06026","$3,214 - $4,639",4,,,,(860) 901-1468,41.9428299,-72.715345,https://www.apartments.com/the-grand-meadows-east-granby-ct/vye0swg/,diamond,2025-07-01T04:15:07.246Z
lbx6gjd,Newington Tower,1317 East St,"1317 East St, New Britain, CT 06053","$1,650 - $2,115",2,,,,(860) 846-4219,29.9947551,-81.6956817,https://www.apartments.com/newington-tower-new-britain-ct/lbx6gjd/,diamond,2025-07-01T04:15:07.268Z
1b1e607,Eagle Rock Apartments at West Hartford,1248-1260 Farmington Ave,"1248-1260 Farmington Ave, West Hartford, CT 06107","$1,920 - $2,935",2,,,,(860) 846-3192,41.7550018,-72.7673787,https://www.apartments.com/eagle-rock-apartments-at-west-hartford-west-hartford-ct/1b1e607/,diamond,2025-07-01T04:15:07.291Z
0281p12,Summit and Birch Hill Apartments,271-287 Main St,"271-287 Main St, Farmington, CT 06032","$1,695 - $2,295",2,,,,(860) 855-7601,41.706182,-72.84231,https://www.apartments.com/summit-and-birch-hill-apartments-farmington-ct/0281p12/,diamond,2025-07-01T04:15:07.313Z
byvx439,Kenmore Apartments,78 Laning St,"78 Laning St, Southington, CT 06489","$1,875 - $1,900",2,,,,(475) 255-0243,41.6309809,-72.870438,https://www.apartments.com/kenmore-apartments-southington-ct/byvx439/,diamond,2025-07-01T04:15:07.336Z
zk9lctz,New Country Club Estates,2086-2090 Stanley St,"2086-2090 Stanley St, New Britain, CT 06053","$1,600 - $1,675",1,,,,(860) 846-4880,41.7018963,-72.7751602,https://www.apartments.com/new-country-club-estates-new-britain-ct/zk9lctz/,diamond,2025-07-01T04:15:07.358Z
zpte8gy,Rao Building,160 Main St,"160 Main St, New Britain, CT 06051","$1,525 - $2,090",2,,,,(959) 245-2618,42.413807,-71.110636,https://www.apartments.com/rao-building-new-britain-ct/zpte8gy/,basic,2025-07-01T04:15:07.379Z
clxyh9g,Pebblebrook Apartments,44-46 Brittany Farms Rd,"44-46 Brittany Farms Rd, New Britain, CT 06053","$1,650 - $1,975",2,,,,(860) 846-3941,41.710624,-72.77055659999999,https://www.apartments.com/pebblebrook-apartments-new-britain-ct/clxyh9g/,basic,2025-07-01T04:15:07.401Z
by4nxcb,Residences at 299,299 Colt Hwy,"299 Colt Hwy, Farmington, CT 06032","$2,400 - $3,200",2,,,,(959) 245-2454,41.7083115,-72.8179091,https://www.apartments.com/residences-at-299-farmington-ct/by4nxcb/,basic,2025-07-01T04:15:07.423Z
69gj3sv,Highcroft Apartments,900 Highcroft Pl,"900 Highcroft Pl, Weatogue, CT 06089","$2,165 - $7,086",3,,,,(860) 773-0626,41.8536137,-72.8209639,https://www.apartments.com/highcroft-apartments-weatogue-ct/69gj3sv/,basic,2025-07-01T04:15:07.445Z
nnwxkcp,Eden & Main 55+ Apartments,37 Eden Ave,"37 Eden Ave, Southington, CT 06489","$2,200 - $2,350",2,,,,(860) 406-5718,41.5985023,-72.8795769,https://www.apartments.com/eden-main-55-apartments-southington-ct/nnwxkcp/,basic,2025-07-01T04:15:07.467Z
je8nl56,The Ridge at Talcott Mountain,200 Hopmeadow St,"200 Hopmeadow St, Weatogue, CT 06089","$2,200 - $2,520",2,,,,(959) 251-2355,41.8340384,-72.8122521,https://www.apartments.com/the-ridge-at-talcott-mountain-weatogue-ct/je8nl56/,basic,2025-07-01T04:15:07.489Z
8e7vec1,Huntington Woods,200 Blakeslee St,"200 Blakeslee St, Bristol, CT 06010","$1,830 - $2,024",3,,,,(959) 208-4802,41.6731653,-72.9307116,https://www.apartments.com/huntington-woods-bristol-ct/8e7vec1/,basic,2025-07-01T04:15:07.511Z
g3m8wez,Norton Park Apartments,100 Norton Park Rd,"100 Norton Park Rd, Plainville, CT 06062","$1,950 - $2,300",3,,,,(860) 730-1058,41.6624379,-72.875671,https://www.apartments.com/norton-park-apartments-plainville-ct/g3m8wez/,basic,2025-07-01T04:15:07.538Z
tdppp68,Normandy Heights,395 Brittany Farms Rd,"395 Brittany Farms Rd, New Britain, CT 06053","$1,365 - $2,795",2,,,,(860) 606-4574,41.7122584,-72.7697841,https://www.apartments.com/normandy-heights-new-britain-ct/tdppp68/,basic,2025-07-01T04:15:07.571Z
jr35754,The Bleu,1412 East St,"1412 East St, New Britain, CT 06053","$1,550",2,,,,(518) 714-1525,41.691923,-72.7636055,https://www.apartments.com/the-bleu-new-britain-ct/jr35754/,basic,2025-07-01T04:15:07.622Z
lh06qnf,22 High St,22 High St,"22 High St, Bristol, CT 06010","$1,575",2,,,,(860) 845-0611,42.3092938,-71.06065989999999,https://www.apartments.com/22-high-st-bristol-ct/lh06qnf/,basic,2025-07-01T04:15:07.658Z
gq7ph9x,The Grand Luxury Apartments and Homes,3 Murtha's Way,"3 Murtha's Way, Granby, CT 06035","$1,906 - $5,526",4,,,,(860) 370-2186,41.9316246,-72.7925212,https://www.apartments.com/the-grand-luxury-apartments-and-homes-granby-ct/gq7ph9x/,gold,2025-07-01T04:15:07.687Z
qm45qzy,Cardinal Hill,257 Kensington Ave,"257 Kensington Ave, New Britain, CT 06051","$1,150 - $1,500",1,,,,(860) 356-3021,40.59216840000001,-74.07434169999999,https://www.apartments.com/cardinal-hill-new-britain-ct/qm45qzy/,gold,2025-07-01T04:15:07.710Z
jm2h4l7,36 High St,36 High St,"36 High St, Bristol, CT 06010",,,,,,,43.21118329999999,-77.93554329999999,https://www.apartments.com/36-high-st-bristol-ct/jm2h4l7/,basic,2025-07-01T04:15:07.733Z
jejxft7,King's Ridge (small quiet community),144 Hopmeadow St,"144 Hopmeadow St, Weatogue, CT 06089","$1,950 - $2,550",2,,,,(860) 421-9834,41.8319027,-72.8177831,https://www.apartments.com/kings-ridge-small-quiet-community-weatogue-ct/jejxft7/,gold,2025-07-01T04:15:07.758Z
18lmv05,The Flats at Talcott,51 Hopmeadow St,"51 Hopmeadow St, Weatogue, CT 06089","$1,760 - $1,805",1,,,,(959) 200-8673,41.8271392,-72.8277449,https://www.apartments.com/the-flats-at-talcott-weatogue-ct/18lmv05/,gold,2025-07-01T04:15:07.781Z
7w05g8y,Canal Place,1 Old Canal Way,"1 Old Canal Way, Weatogue, CT 06089","$2,065",3,,,,(860) 847-7465,41.8345121,-72.81914379999999,https://www.apartments.com/canal-place-weatogue-ct/7w05g8y/,gold,2025-07-01T04:15:07.803Z
58gm7lq,Redstone Gardens,218 Surrey Dr,"218 Surrey Dr, Bristol, CT 06010","$1,250 - $1,762",3,,,,(877) 680-5232,41.6647636,-72.90932819999999,https://www.apartments.com/redstone-gardens-bristol-ct/58gm7lq/,gold,2025-07-01T04:15:07.825Z
0hmh4s1,Simsbury Center Apartments,969 Hopmeadow St,"969 Hopmeadow St, Simsbury, CT 06070","$1,775 - $1,950",1,,,,(860) 590-2231,41.8839839,-72.79989929999999,https://www.apartments.com/simsbury-center-apartments-simsbury-ct/0hmh4s1/,gold,2025-07-01T04:15:07.847Z
64ys5rt,The Croft Farmington,5 Spring Ln,"5 Spring Ln, Farmington, CT 06032","$1,775",2,,,,(860) 773-4438,40.240527,-74.89541419999999,https://www.apartments.com/the-croft-farmington-farmington-ct/64ys5rt/,gold,2025-07-01T04:15:07.868Z
kkw7t49,Greenway Village,24 Mill Pond Dr,"24 Mill Pond Dr, Granby, CT 06035","$2,200 - $2,800",2,,,,(959) 230-0537,41.9350232,-72.78677379999999,https://www.apartments.com/greenway-village-granby-ct/kkw7t49/,gold,2025-07-01T04:15:07.889Z
q4f896z,Colonial Village,22 Colonial Ct,"22 Colonial Ct, Plainville, CT 06062","$1,665 - $2,445",2,,,,(475) 255-0358,37.7582154,-87.10565439999999,https://www.apartments.com/colonial-village-plainville-ct/q4f896z/,gold,2025-07-01T04:15:07.911Z
newys4q,Evergreen Town House Apartments,600 Ellis St,"600 Ellis St, New Britain, CT 06051","$1,550 - $1,675",2,,,,(860) 854-3858,37.7845634,-122.4162623,https://www.apartments.com/evergreen-town-house-apartments-new-britain-ct/newys4q/,gold,2025-07-01T04:15:07.932Z
66w796t,Main Place Apartments,931-947 W Main St,"931-947 W Main St, New Britain, CT 06053","$1,600 - $1,695",2,,,,(860) 846-4462,41.6683673,-72.8140203,https://www.apartments.com/main-place-apartments-new-britain-ct/66w796t/,gold,2025-07-01T04:15:07.956Z
n035gxq,Pine Brook Terrace,10-90 Pine Brook Ter,"10-90 Pine Brook Ter, Bristol, CT 06010","$1,500",2,,,,(959) 245-2401,41.6553995,-72.9173459,https://www.apartments.com/pine-brook-terrace-bristol-ct/n035gxq/,gold,2025-07-01T04:15:07.977Z
vvvn80d,Farmington Court Apartments,1449-1495 Farmington Ave,"1449-1495 Farmington Ave, Farmington, CT 06032","$2,245",2,,,,(860) 846-4985,41.745459,-72.8633679,https://www.apartments.com/farmington-court-apartments-farmington-ct/vvvn80d/,gold,2025-07-01T04:16:42.428Z
zkwzqcw,Fairway Apartments,171 Hartford Rd,"171 Hartford Rd, New Britain, CT 06053","$1,260 - $1,405",,,,,(860) 846-4308,41.7040492,-72.7704626,https://www.apartments.com/fairway-apartments-new-britain-ct/zkwzqcw/,gold,2025-07-01T04:16:42.462Z
tktm9t8,Sunset Rock Apartments,126 New Britain Ave,"126 New Britain Ave, Plainville, CT 06062","$1,595 - $2,095",2,,,,(860) 846-4241,41.6755882,-72.84912469999999,https://www.apartments.com/sunset-rock-apartments-plainville-ct/tktm9t8/,gold,2025-07-01T04:16:42.498Z
xpcrlym,Springwood Gardens,192 Allen St,"192 Allen St, New Britain, CT 06053","$1,320 - $1,665",3,,,,(860) 846-3500,40.72218,-73.988666,https://www.apartments.com/springwood-gardens-new-britain-ct/xpcrlym/,gold,2025-07-01T04:16:42.542Z
5ksrnlp,The Ellis Block,321 Ellis St,"321 Ellis St, New Britain, CT 06051","$1,675 - $2,461",3,,,,(860) 259-2159,41.6587254,-72.769657,https://www.apartments.com/the-ellis-block-new-britain-ct/5ksrnlp/,gold,2025-07-01T04:16:42.577Z
328f50d,ReNew Bristol,1175 Farmington Ave,"1175 Farmington Ave, Bristol, CT 06010","$1,370 - $1,798",2,,,,(959) 245-2610,41.6981964,-72.9048756,https://www.apartments.com/renew-bristol-bristol-ct/328f50d/,gold,2025-07-01T04:16:42.592Z
v9l87gg,124 Pennsylvania Ave,124 Pennsylvania Ave,"124 Pennsylvania Ave, New Britain, CT 06052","$1,700",2,1,1776,House for Rent,,,,https://www.apartments.com/124-pennsylvania-ave-new-britain-ct/v9l87gg/,gold,2025-07-01T04:16:42.612Z
mpv39jl,38 Prospect St Unit 300,38 Prospect St Unit 300,"38 Prospect St Unit 300, Bristol, CT 06010","$1,195",2,1,800,Apartment for Rent,,,,https://www.apartments.com/38-prospect-st-bristol-ct/mpv39jl/,gold,2025-07-01T04:16:42.635Z
db1sneh,Furnished Studio-Hartford - Farmington,1 Batterson Park Rd,"1 Batterson Park Rd, Farmington, CT 06032","$2,999",,1,300,Apartment for Rent,(860) 932-8616,,,https://www.apartments.com/furnished-studio-hartford-farmington-farmington-ct/db1sneh/,gold,2025-07-01T04:16:42.648Z
hnk32t2,Burritt House,59-69 W Main St,"59-69 W Main St, New Britain, CT 06051","$1,410 - $1,657",1,,,,(959) 245-5236,41.66773380000001,-72.7831338,https://www.apartments.com/burritt-house-new-britain-ct/hnk32t2/,silver,2025-07-01T04:16:42.720Z
plht18v,52 High St,52 High St,"52 High St, Bristol, CT 06010","$2,370",3,,,,(860) 845-6697,52.472418,-2.1034053,https://www.apartments.com/52-high-st-bristol-ct/plht18v/,silver,2025-07-01T04:16:42.740Z
3kl7t9e,Heritage Glen,300-308 Colt Hwy,"300-308 Colt Hwy, Farmington, CT 06032","$2,200",2,,,,(959) 245-5036,41.710212,-72.810597,https://www.apartments.com/heritage-glen-farmington-ct/3kl7t9e/,silver,2025-07-01T04:16:42.761Z
3tptzxe,Coppermine Village,150 Shawn Dr,"150 Shawn Dr, Bristol, CT 06010",Call for Rent,3,,,,(860) 516-5214,43.1285061,-74.4648247,https://www.apartments.com/coppermine-village-bristol-ct/3tptzxe/,silver,2025-07-01T04:16:42.773Z
rl0h433,Avon Colonial Manor,156 W Main St,"156 W Main St, Avon, CT 06001","$1,585 - $1,795",2,,,,(959) 251-1059,41.506841,-112.015958,https://www.apartments.com/avon-colonial-manor-avon-ct/rl0h433/,silver,2025-07-01T04:16:42.792Z
scykyj5,122 High St,122 High St,"122 High St, Bristol, CT 06010","$1,750 - $1,925",2,,,,(860) 845-1083,,,https://www.apartments.com/122-high-st-bristol-ct/scykyj5/,silver,2025-07-01T04:16:42.808Z
985jgd4,Bingham Place,3 North St,"3 North St, Bristol, CT 06010","$1,400 - $1,750",1,,,,(959) 800-0904,43.1638297,-79.2439235,https://www.apartments.com/bingham-place-bristol-ct/985jgd4/,silver,2025-07-01T04:16:42.820Z
nj2tlrq,Bristol Meadows,241 Redstone Hill Rd,"241 Redstone Hill Rd, Bristol, CT 06010","$1,225 - $1,550",2,,,,(860) 406-7664,41.6583213,-72.9056117,https://www.apartments.com/bristol-meadows-bristol-ct/nj2tlrq/,silver,2025-07-01T04:16:42.843Z
d7gf2gh,Summer Brook Apartments,550 Darling St,"550 Darling St, Southington, CT 06489","$1,277 - $1,751",3,,,,(959) 245-2144,41.6153744,-72.86480639999999,https://www.apartments.com/summer-brook-apartments-southington-ct/d7gf2gh/,silver,2025-07-01T04:16:42.862Z
kchsx48,Franklin House,66 Franklin Sq,"66 Franklin Sq, New Britain, CT 06051","$975 - $1,350",2,,,,(860) 855-3063,41.6625253,-72.77923919999999,https://www.apartments.com/franklin-house-new-britain-ct/kchsx48/,silver,2025-07-01T04:16:42.887Z
khjcq68,Columbus Commons,145 Columbus Blvd,"145 Columbus Blvd, New Britain, CT 06051","$1,084 - $1,161",2,,,,(475) 255-3693,41.6672389,-72.7771814,https://www.apartments.com/columbus-commons-new-britain-ct/khjcq68/,silver,2025-07-01T04:16:42.926Z
5rtp47q,"94 Glen St Unit 3rd Floor, New Britain, CT 06051",94 Glen St Unit 3rd Floor,,"$1,590",3,1,,Apartment for Rent,(959) 245-5832,,,https://www.apartments.com/94-glen-st-new-britain-ct-unit-3rd-floor/5rtp47q/,prosumer,2025-07-01T04:16:42.957Z
mt4sm4h,"1273 Queen St, Southington, CT 06489",1273 Queen St,,$850,1,1,110,Room for Rent,(959) 200-8677,,,https://www.apartments.com/1273-queen-st-southington-ct-unit-1/mt4sm4h/,silver,2025-07-01T04:16:42.979Z
kt9k34b,"19 Lawlor St Unit D, New Britain, CT 06051",19 Lawlor St Unit D,,"$1,250",2,1,730,Apartment for Rent,(860) 477-7777,,,https://www.apartments.com/19-lawlor-st-new-britain-ct-unit-d/kt9k34b/,prosumer,2025-07-01T04:16:42.992Z
t596479,"80-82-82 Garden St, New Britain, CT 06052",80-82-82 Garden St,,"$2,000",3,1,1550,Apartment for Rent,(475) 234-4204,,,https://www.apartments.com/80-82-garden-street-2a-new-britain-ct/t596479/,silver,2025-07-01T04:16:43.009Z
edrjdyp,"500 Allen St, New Britain, CT 06053",500 Allen St,,"$1,700",2,1,1323,Apartment for Rent,(860) 200-2474,,,https://www.apartments.com/500-allen-st-new-britain-ct/edrjdyp/,silver,2025-07-01T04:16:43.048Z
5j8pc5q,"405 Park St, Bristol, CT 06010",405 Park St,,"$1,600",2,1,888,Apartment for Rent,(860) 845-0452,,,https://www.apartments.com/405-park-st-bristol-ct/5j8pc5q/,silver,2025-07-01T04:16:43.061Z
7vy3d6x,"173 N Main St, Southington, CT 06489",173 N Main St,,"$2,100",2,1,1200,Apartment for Rent,(860) 385-6679,,,https://www.apartments.com/173-n-main-st-southington-ct/7vy3d6x/,silver,2025-07-01T04:16:43.078Z
dsftqch,"410 Emmett St, Bristol, CT 06010",410 Emmett St,,"$2,000",2,2,1492,Townhome for Rent,(860) 453-5212,,,https://www.apartments.com/410-emmett-st-bristol-ct/dsftqch/,prosumer,2025-07-01T04:16:43.096Z
gb1twpx,"3 Sterling Pl, Avon, CT 06001",3 Sterling Pl,,"$2,800",2,2,1200,Townhome for Rent,(860) 864-5602,,,https://www.apartments.com/3-sterling-pl-avon-ct/gb1twpx/,prosumer,2025-07-01T04:16:43.113Z
2xktsnb,"23 Vine Hill Rd, Farmington, CT 06032",23 Vine Hill Rd,,"$4,750",4,4,3194,House for Rent,(860) 784-7270,,,https://www.apartments.com/23-vine-hill-rd-farmington-ct/2xktsnb/,prosumer,2025-07-01T04:16:43.141Z
lfps44e,"32 Hayes St, New Britain, CT 06053",32 Hayes St,,"$2,000",3,1,1200,Apartment for Rent,(860) 899-1848,,,https://www.apartments.com/32-hayes-st-new-britain-ct-unit-2nd/lfps44e/,silver,2025-07-01T04:16:43.164Z
zn5hd9z,"24 Buell St, New Britain, CT 06051",24 Buell St,,"$1,500",3,1,950,Apartment for Rent,(860) 356-3868,,,https://www.apartments.com/24-buell-st-new-britain-ct-unit-3rd-floor/zn5hd9z/,silver,2025-07-01T04:16:43.181Z
203tnt9,"24 Buell St, New Britain, CT 06051",24 Buell St,,"$1,500",3,1,,Apartment for Rent,(959) 245-5564,,,https://www.apartments.com/24-buell-st-new-britain-ct-unit-3rd-floor/203tnt9/,silver,2025-07-01T04:16:43.192Z
7hql5yx,"299 Park St Unit A3, Bristol, CT 06010",299 Park St Unit A3,,"$1,050",1,1,,Apartment for Rent,(646) 598-4341,,,https://www.apartments.com/299-park-st-bristol-ct-unit-a3/7hql5yx/,prosumer,2025-07-01T04:16:43.210Z
3pnt53f,"38 Windmill Springs, Granby, CT 06035",38 Windmill Springs,,"$2,550",2,3,1682,Townhome for Rent,(860) 791-3834,,,https://www.apartments.com/38-windmill-springs-granby-ct/3pnt53f/,prosumer,2025-07-01T04:16:43.238Z
w5gr54l,"167 N Main St, Southington, CT 06489",167 N Main St,,"$2,275",2,1.5,1400,Apartment for Rent,(860) 385-6968,,,https://www.apartments.com/167-n-main-st-southington-ct/w5gr54l/,silver,2025-07-01T04:16:43.255Z
8s829p0,"55 Columbus Ave, Southington, CT 06489",55 Columbus Ave,,"$2,500",2,2.5,1292,Condo for Rent,(860) 329-4707,,,https://www.apartments.com/55-columbus-ave-southington-ct/8s829p0/,silver,2025-07-01T04:16:43.276Z
zv1f4xw,"46 Vance Rd, Bristol, CT 06010",46 Vance Rd,,"$2,500",3,2,1267,House for Rent,(475) 265-7535,,,https://www.apartments.com/46-vance-rd-bristol-ct/zv1f4xw/,silver,2025-07-01T04:16:43.289Z
zg44bpy,"23 Vine Hill Rd, Farmington, CT 06032",23 Vine Hill Rd,,"$4,750",4,3.5,3194,House for Rent,(860) 936-9700,,,https://www.apartments.com/23-vine-hill-rd-farmington-ct/zg44bpy/,silver,2025-07-01T04:16:43.322Z
jbgy5q4,"136 Tunxis Village, Farmington, CT 06032",136 Tunxis Village,,"$3,000",2,2.5,2030,House for Rent,(959) 666-6301,,,https://www.apartments.com/136-tunxis-village-farmington-ct/jbgy5q4/,silver,2025-07-01T04:16:43.334Z
jbgy5q4,"136 Tunxis Village, Farmington, CT 06032",136 Tunxis Village,,"$3,000",2,2.5,2030,House for Rent,(959) 666-6301,,,https://www.apartments.com/136-tunxis-village-farmington-ct/jbgy5q4/,silver,2025-07-01T04:17:26.157Z
3spfnne,"372 Park St Unit Apt. #3, Bristol, CT 06010",372 Park St Unit Apt. #3,,"$1,050",2,1,750,Apartment for Rent,(203) 725-5514,,,https://www.apartments.com/372-park-st-bristol-ct-unit-apt-3/3spfnne/,prosumer,2025-07-01T04:17:26.184Z
7db0pyy,"115 W Avon Rd, Unionville, CT 06085",115 W Avon Rd,,"$4,000",4,3,2342,House for Rent,(860) 530-6951,,,https://www.apartments.com/115-w-avon-rd-unionville-ct/7db0pyy/,prosumer,2025-07-01T04:17:26.200Z
94lr0m6,"8 Alto Rd Unit C Rear, Burlington, CT 06013",8 Alto Rd Unit C Rear,,"$2,200",2,1,1200,Apartment for Rent,(860) 782-6689,,,https://www.apartments.com/8-alto-rd-burlington-ct/94lr0m6/,prosumer,2025-07-01T04:17:26.228Z
yh0fn8v,"37 Nicholas Dr Unit 37 Nicholas Dr Bristol CT, Bristol, CT 06010",37 Nicholas Dr Unit 37 Nicholas Dr Bristol CT,,"$2,100",3,1.5,1300,Apartment for Rent,(860) 936-9051,,,https://www.apartments.com/37-nicholas-dr-bristol-ct-unit-37-nicholas-dr-bristol-ct/yh0fn8v/,prosumer,2025-07-01T04:17:26.241Z
b4wj5b8,"197 Tremont St Unit 2F, New Britain, CT 06051",197 Tremont St Unit 2F,,"$1,625",2,1,800,Apartment for Rent,(959) 666-9616,,,https://www.apartments.com/197-tremont-st-new-britain-ct/b4wj5b8/,prosumer,2025-07-01T04:17:26.258Z
vzdt9zg,"1560 Corbin Ave Unit Eduardo soler, New Britain, CT 06053",1560 Corbin Ave Unit Eduardo soler,,"$1,550",2,1,150,Apartment for Rent,(860) 200-3936,,,https://www.apartments.com/1560-corbin-ave-new-britain-ct/vzdt9zg/,prosumer,2025-07-01T04:17:26.267Z
88k0w01,"1744 Farmington Ave Unit 2, Unionville, CT 06085",1744 Farmington Ave Unit 2,,"$1,600",1,1,650,Apartment for Rent,(860) 785-6445,,,https://www.apartments.com/1744-farmington-ave-unionville-ct/88k0w01/,prosumer,2025-07-01T04:17:26.281Z
4c98s1h,"632 E Main St, New Britain, CT 06051",632 E Main St,,"$1,700",,1,480,Apartment for Rent,(860) 626-5997,,,https://www.apartments.com/632-e-main-st-new-britain-ct/4c98s1h/,prosumer,2025-07-01T04:17:26.295Z
m3xqmxl,"67 Brooklawn St Unit 2nd Floor, New Britain, CT 06052",67 Brooklawn St Unit 2nd Floor,,"$1,600",2,1,1116,Apartment for Rent,(959) 245-2521,,,https://www.apartments.com/67-brooklawn-st-new-britain-ct/m3xqmxl/,prosumer,2025-07-01T04:17:26.309Z
1p3f0n5,"54 Hungary Rd, Granby, CT 06035",54 Hungary Rd,,"$1,100",1,1,1850,Room for Rent,(860) 310-1064,,,https://www.apartments.com/54-hungary-rd-granby-ct/1p3f0n5/,prosumer,2025-07-01T04:17:26.328Z
08067k2,"16 Wellington Dr Unit 16 Wellington Dr, Farmington, CT 06032",16 Wellington Dr Unit 16 Wellington Dr,,"$1,900",2,1,907,Condo for Rent,(860) 321-1093,,,https://www.apartments.com/16-wellington-dr-farmington-ct-unit-16-wellington-dr/08067k2/,prosumer,2025-07-01T04:17:26.342Z
c3l5cld,"372 Park St Unit 3, Bristol, CT 06010",372 Park St Unit 3,,"$1,050",2,1,750,Apartment for Rent,(860) 261-0709,,,https://www.apartments.com/372-park-st-bristol-ct/c3l5cld/,prosumer,2025-07-01T04:17:26.351Z
8qpj050,"267 N Washington St, Plainville, CT 06062",267 N Washington St,,"$2,400",4,1,1202,House for Rent,,,,https://www.apartments.com/267-n-washington-st-plainville-ct/8qpj050/,prosumer,2025-07-01T04:17:26.364Z
f72ptft,"226 Prospect St, Bristol, CT 06010",226 Prospect St,,"$1,500 - $2,150",3,1,,Apartment for Rent,(860) 845-1382,,,https://www.apartments.com/226-prospect-st-bristol-ct/f72ptft/,prosumer,2025-07-01T04:17:26.379Z
x9j6rwp,"54 Bridge St Unit #54 2nd floor west, Collinsville, CT 06019",54 Bridge St Unit #54 2nd floor west,,"$1,600",1,1,700,Apartment for Rent,(860) 560-1605,,,https://www.apartments.com/54-bridge-st-collinsville-ct/x9j6rwp/,prosumer,2025-07-01T04:17:26.388Z
1f037n5,"10 Talcott Forest Rd Unit F, Farmington, CT 06032",10 Talcott Forest Rd Unit F,,"$3,200",4,2,1750,Condo for Rent,(857) 567-0377,,,https://www.apartments.com/10-talcott-forest-rd-farmington-ct-unit-f/1f037n5/,prosumer,2025-07-01T04:17:26.402Z
1kw0h94,"17 Lincoln Ave Unit 18, Bristol, CT 06010",17 Lincoln Ave Unit 18,,"$1,100",1,1,650,Apartment for Rent,(860) 845-1539,,,https://www.apartments.com/17-lincoln-ave-bristol-ct/1kw0h94/,prosumer,2025-07-01T04:17:26.412Z
9lqhmd7,"78 Atlantic St, New Britain, CT 06053",78 Atlantic St,,"$1,450",2,1,900,Apartment for Rent,(860) 756-5310,,,https://www.apartments.com/78-atlantic-st-new-britain-ct/9lqhmd7/,prosumer,2025-07-01T04:17:26.426Z
55lyrsp,"166 Firetown Rd, Simsbury, CT 06070",166 Firetown Rd,,"$2,750",2,1,644,House for Rent,(860) 604-6210,,,https://www.apartments.com/166-firetown-rd-simsbury-ct/55lyrsp/,prosumer,2025-07-01T04:17:26.435Z
0d42lt3,"41 Washington St Unit 301, Bristol, CT 06010",41 Washington St Unit 301,,"$1,700",2,1,,Apartment for Rent,(860) 205-8640,,,https://www.apartments.com/41-washington-st-bristol-ct-unit-301/0d42lt3/,prosumer,2025-07-01T04:17:26.463Z
sk83q45,"129 Pleasant St, New Britain, CT 06051",129 Pleasant St,,"$1,200",3,1,819,Apartment for Rent,(203) 887-6226,,,https://www.apartments.com/129-pleasant-st-new-britain-ct/sk83q45/,prosumer,2025-07-01T04:17:26.472Z
mwged7h,"238 Booth St, New Britain, CT 06053",238 Booth St,,"$1,700",3,1,1168,Apartment for Rent,(860) 331-5156,,,https://www.apartments.com/238-booth-st-new-britain-ct/mwged7h/,prosumer,2025-07-01T04:17:26.484Z
qew4wfy,"45 Park Pl Unit APT 202, New Britain, CT 06052",45 Park Pl Unit APT 202,,"$1,400",1,1,691,Condo for Rent,(203) 651-8421,,,https://www.apartments.com/45-park-pl-new-britain-ct-unit-apt-202/qew4wfy/,prosumer,2025-07-01T04:17:26.501Z
dwlzyqk,"305 Slater Rd, New Britain, CT 06053",305 Slater Rd,,"$2,950",4,1,1040,House for Rent,(860) 790-9858,,,https://www.apartments.com/305-slater-rd-new-britain-ct/dwlzyqk/,prosumer,2025-07-01T04:17:26.518Z
tchvqxb,"60 Southdown Dr, Bristol, CT 06010",60 Southdown Dr,,"$3,700",3,2.5,2768,House for Rent,(203) 772-9075,,,https://www.apartments.com/60-southdown-dr-bristol-ct/tchvqxb/,prosumer,2025-07-01T04:17:26.527Z
nstfegn,"92 Stewart St Unit 3, Bristol, CT 06010",92 Stewart St Unit 3,,"$1,550",3,1,3864,Apartment for Rent,(860) 712-7419,,,https://www.apartments.com/92-stewart-st-bristol-ct-unit-3/nstfegn/,prosumer,2025-07-01T04:17:26.542Z
4p752ej,"92 Stewart St Unit 1, Bristol, CT 06010",92 Stewart St Unit 1,,"$1,550",3,1,3864,Apartment for Rent,(860) 712-7419,,,https://www.apartments.com/92-stewart-st-bristol-ct-unit-1/4p752ej/,prosumer,2025-07-01T04:17:26.557Z
f5f1dcr,"70 Whiting St Unit Apt C, Plainville, CT 06062",70 Whiting St Unit Apt C,,"$2,500",2,1.5,1200,Apartment for Rent,(860) 538-7567,,,https://www.apartments.com/70-whiting-st-plainville-ct-unit-apt-c/f5f1dcr/,prosumer,2025-07-01T04:17:26.588Z
dg63ytj,"70 Whiting St Unit Apt D, Plainville, CT 06062",70 Whiting St Unit Apt D,,"$2,500",2,1.5,1200,Apartment for Rent,(860) 538-7567,,,https://www.apartments.com/70-whiting-st-plainville-ct-unit-apt-d/dg63ytj/,prosumer,2025-07-01T04:17:26.601Z
tlmnbmb,"70 Whiting St Unit Apt E, Plainville, CT 06062",70 Whiting St Unit Apt E,,"$2,500",2,1.5,1200,Apartment for Rent,(860) 538-7567,,,https://www.apartments.com/70-whiting-st-plainville-ct-unit-apt-e/tlmnbmb/,prosumer,2025-07-01T04:17:26.610Z
vwcf5tf,"70 Whiting St Unit Apt H, Plainville, CT 06062",70 Whiting St Unit Apt H,,"$2,500",2,1.5,1200,Apartment for Rent,(860) 538-7567,,,https://www.apartments.com/70-whiting-st-plainville-ct-unit-apt-h/vwcf5tf/,prosumer,2025-07-01T04:17:26.624Z
1m8mnj6,"70 Whiting St Unit Apt B, Plainville, CT 06062",70 Whiting St Unit Apt B,,"$2,500",2,1.5,1200,Apartment for Rent,(860) 538-7567,,,https://www.apartments.com/70-whiting-st-plainville-ct-unit-apt-b/1m8mnj6/,prosumer,2025-07-01T04:17:26.640Z
qvssmvy,"25 Locust St, New Britain, CT 06051",25 Locust St,,"$1,395",2,1,800,Apartment for Rent,(860) 250-5794,,,https://www.apartments.com/25-locust-st-new-britain-ct/qvssmvy/,prosumer,2025-07-01T04:17:26.664Z
4wce56h,"214 Main St, Plymouth, CT 06786",214 Main St,,"$1,495",2,1,990,Apartment for Rent,(475) 900-3101,,,https://www.apartments.com/214-main-st-plymouth-ct/4wce56h/,prosumer,2025-07-01T04:17:26.674Z
qxchyyw,"23 Lyman St Unit #3 East, New Britain, CT 06053",23 Lyman St Unit #3 East,,"$1,200",1,1,800,Apartment for Rent,(475) 221-4692,,,https://www.apartments.com/23-lyman-st-new-britain-ct-unit-3-east/qxchyyw/,prosumer,2025-07-01T04:17:26.690Z
vjnfb4g,"155 Redstone Hl Rd Unit 10, Bristol, CT 06010",155 Redstone Hl Rd Unit 10,,"$1,800",2,1.5,1092,Condo for Rent,(860) 655-3711,,,https://www.apartments.com/155-redstone-hl-rd-bristol-ct-unit-10/vjnfb4g/,prosumer,2025-07-01T04:17:26.719Z
xcyylhp,"167 N Main St, Southington, CT 06489",167 N Main St,,"$2,275",2,1.5,1400,Apartment for Rent,(203) 631-4312,,,https://www.apartments.com/167-n-main-st-southington-ct/xcyylhp/,prosumer,2025-07-01T04:17:26.732Z
ybs7bgr,"41 Briarwood Rd, West Hartford, CT 06107",41 Briarwood Rd,,"$2,700",2,1,1435,House for Rent,(860) 712-9665,,,https://www.apartments.com/41-briarwood-rd-west-hartford-ct/ybs7bgr/,prosumer,2025-07-01T04:17:26.761Z
gwshp6y,"1657 Farmington Ave, Farmington, CT 06085",1657 Farmington Ave,,"$3,000",4,2.5,1608,House for Rent,(860) 913-9411,,,https://www.apartments.com/1657-farmington-ave-farmington-ct/gwshp6y/,prosumer,2025-07-01T04:17:26.779Z
9xykj97,"162 Columbia St, New Britain, CT 06052",162 Columbia St,,"$1,790",2,1,1273,Apartment for Rent,(860) 985-2920,,,https://www.apartments.com/162-columbia-st-new-britain-ct/9xykj97/,prosumer,2025-07-01T04:17:29.210Z
81v3d31,"19 Sunrise Terrace, Simsbury, CT 06089",19 Sunrise Terrace,,"$2,650",3,1,1404,House for Rent,(203) 233-8913,,,https://www.apartments.com/19-sunrise-terrace-simsbury-ct/81v3d31/,prosumer,2025-07-01T04:17:29.228Z
q6v3hly,"45 Connerton St Unit 2nd Fl, New Britain, CT 06051",45 Connerton St Unit 2nd Fl,,"$1,400",2,1,3740,Apartment for Rent,(860) 306-0649,,,https://www.apartments.com/45-connerton-st-new-britain-ct-unit-2nd-fl/q6v3hly/,prosumer,2025-07-01T04:17:29.244Z
6cz6yds,"34 Ward St, Bristol, CT 06010",34 Ward St,,"$1,350",2,1,2666,Apartment for Rent,(860) 883-8807,,,https://www.apartments.com/34-ward-st-bristol-ct/6cz6yds/,prosumer,2025-07-01T04:17:29.260Z
tqbx998,"138 Pleasant St Unit 1, New Britain, CT 06051",138 Pleasant St Unit 1,,"$1,500",1,1,2588,Apartment for Rent,(860) 280-8509,,,https://www.apartments.com/138-pleasant-st-new-britain-ct-unit-1/tqbx998/,prosumer,2025-07-01T04:17:29.270Z
k70gmcc,"27 Seymour St, Bristol, CT 06010",27 Seymour St,,"$2,200",3,1,2872,Apartment for Rent,(860) 614-4520,,,https://www.apartments.com/27-seymour-st-bristol-ct/k70gmcc/,prosumer,2025-07-01T04:17:29.286Z
r7clh31,"10 Riverview Unit 10, Avon, CT 06001",10 Riverview Unit 10,,"$3,000",2,2.5,2028,Condo for Rent,(860) 986-9297,,,https://www.apartments.com/10-riverview-avon-ct-unit-10/r7clh31/,prosumer,2025-07-01T04:17:29.296Z
9cykfb7,"7 Bicycle St Unit 9, Plainville, CT 06062",7 Bicycle St Unit 9,,"$1,875",2,1,900,Apartment for Rent,(860) 402-8517,,,https://www.apartments.com/7-bicycle-st-plainville-ct-unit-9/9cykfb7/,prosumer,2025-07-01T04:17:29.312Z
eh3353p,"166 Queen St, Bristol, CT 06010",166 Queen St,,"$1,500",2,1,1100,Apartment for Rent,(860) 930-1998,,,https://www.apartments.com/166-queen-st-bristol-ct/eh3353p/,prosumer,2025-07-01T04:17:29.332Z
4vttpml,"73 Prospect St, New Britain, CT 06051",73 Prospect St,,"$1,300",2,1,2784,Apartment for Rent,(860) 978-0072,,,https://www.apartments.com/73-prospect-st-new-britain-ct/4vttpml/,prosumer,2025-07-01T04:17:29.346Z
hsyz6r0,"21 Tremont St Unit 1, New Britain, CT 06051",21 Tremont St Unit 1,,"$1,746",3,1,1522,Apartment for Rent,(860) 368-1931,,,https://www.apartments.com/21-tremont-st-new-britain-ct-unit-1/hsyz6r0/,prosumer,2025-07-01T04:17:29.356Z
yb7kpqt,"237 Long Swamp Rd Unit A, Wolcott, CT 06716",237 Long Swamp Rd Unit A,,"$2,800",3,2,1602,Apartment for Rent,(203) 414-6860,,,https://www.apartments.com/237-long-swamp-rd-wolcott-ct-unit-a/yb7kpqt/,prosumer,2025-07-01T04:17:29.370Z
dtb410j,"237 Longview Ave, Bristol, CT 06010",237 Longview Ave,,"$3,400",3,2.5,1193,House for Rent,(860) 539-1444,,,https://www.apartments.com/237-longview-ave-bristol-ct/dtb410j/,prosumer,2025-07-01T04:17:29.386Z
s03ccs6,"22 Kelley St, Bristol, CT 06010",22 Kelley St,,"$1,750",3,1,1014,Apartment for Rent,(860) 921-3597,,,https://www.apartments.com/22-kelley-st-bristol-ct/s03ccs6/,prosumer,2025-07-01T04:17:29.396Z
0jz6yw1,"146 Sterling St, New Britain, CT 06053",146 Sterling St,,"$2,700",4,1,1539,House for Rent,(203) 606-1498,,,https://www.apartments.com/146-sterling-st-new-britain-ct/0jz6yw1/,prosumer,2025-07-01T04:17:29.411Z
q7fek6w,"77 Laurel Rd, Harwinton, CT 06791",77 Laurel Rd,,"$3,000",3,2,1768,House for Rent,(203) 954-7292,,,https://www.apartments.com/77-laurel-rd-harwinton-ct/q7fek6w/,prosumer,2025-07-01T04:17:29.421Z
tt7pqrb,"14 Dwight St Unit 3B, Bristol, CT 06010",14 Dwight St Unit 3B,,"$1,450",2,1,750,Apartment for Rent,(989) 859-7645,,,https://www.apartments.com/14-dwight-st-bristol-ct-unit-3b/tt7pqrb/,prosumer,2025-07-01T04:17:29.436Z
d0e056l,"20 Ward St Unit 1, Bristol, CT 06010",20 Ward St Unit 1,,"$1,350",2,1,864,Apartment for Rent,(860) 883-8807,,,https://www.apartments.com/20-ward-st-bristol-ct-unit-1/d0e056l/,prosumer,2025-07-01T04:17:29.455Z
0xgesn3,"84 Barlow St, Bristol, CT 06010",84 Barlow St,,"$3,000",4,1.5,1267,House for Rent,(203) 508-3822,,,https://www.apartments.com/84-barlow-st-bristol-ct/0xgesn3/,prosumer,2025-07-01T04:17:29.472Z
bp29lkc,"16 Applewood Ln Unit 16, Avon, CT 06001",16 Applewood Ln Unit 16,,"$3,500",3,2.5,1910,Condo for Rent,(860) 944-3773,,,https://www.apartments.com/16-applewood-ln-avon-ct-unit-16/bp29lkc/,prosumer,2025-07-01T04:17:29.483Z
r53lkl0,"295 Lasalle St, New Britain, CT 06051",295 Lasalle St,,"$1,500",2,1,1000,Apartment for Rent,(860) 944-3336,,,https://www.apartments.com/295-lasalle-st-new-britain-ct/r53lkl0/,prosumer,2025-07-01T04:17:29.498Z
fchfk0v,"280 Salmon Brook St Unit 5-109, Granby, CT 06035",280 Salmon Brook St Unit 5-109,,"$1,785",1,1,819,Condo for Rent,(717) 719-7054,,,https://www.apartments.com/280-salmon-brook-st-granby-ct-unit-5-109/fchfk0v/,prosumer,2025-07-01T04:17:29.514Z
kvlkk9c,"280 Salmon Brook St Unit 5-107, Granby, CT 06035",280 Salmon Brook St Unit 5-107,,"$1,785",1,1,819,Condo for Rent,(717) 719-7054,,,https://www.apartments.com/280-salmon-brook-st-granby-ct-unit-5-107/kvlkk9c/,prosumer,2025-07-01T04:17:29.524Z
1tpvct5,"280 Salmon Brook St Unit 5-104, Granby, CT 06035",280 Salmon Brook St Unit 5-104,,"$1,785",1,1,819,Condo for Rent,(717) 719-7054,,,https://www.apartments.com/280-salmon-brook-st-granby-ct-unit-5-104/1tpvct5/,prosumer,2025-07-01T04:17:29.540Z
hp7h7h0,"280 Salmon Brook St Unit 5-103, Granby, CT 06035",280 Salmon Brook St Unit 5-103,,"$2,550",2,2,1160,Condo for Rent,(717) 719-7054,,,https://www.apartments.com/280-salmon-brook-st-granby-ct-unit-5-103/hp7h7h0/,prosumer,2025-07-01T04:17:29.550Z
hmgh501,"280 Salmon Brook St Unit 5-105, Granby, CT 06035",280 Salmon Brook St Unit 5-105,,"$2,550",2,2,1160,Condo for Rent,(717) 719-7054,,,https://www.apartments.com/280-salmon-brook-st-granby-ct-unit-5-105/hmgh501/,prosumer,2025-07-01T04:17:29.567Z
ky7kqj8,"280 Salmon Brook St Unit 5-110, Granby, CT 06035",280 Salmon Brook St Unit 5-110,,"$2,550",2,2,1160,Condo for Rent,(717) 719-7054,,,https://www.apartments.com/280-salmon-brook-st-granby-ct-unit-5-110/ky7kqj8/,prosumer,2025-07-01T04:17:29.577Z
pecpmts,"280 Salmon Brook St Unit 6-306, Granby, CT 06035",280 Salmon Brook St Unit 6-306,,"$2,850",3,2,1501,Condo for Rent,(717) 719-7054,,,https://www.apartments.com/280-salmon-brook-st-granby-ct-unit-6-306/pecpmts/,prosumer,2025-07-01T04:17:29.605Z
m5cm4vj,"280 Salmon Brook St Unit 5-106, Granby, CT 06035",280 Salmon Brook St Unit 5-106,,"$2,850",3,2,1501,Condo for Rent,(717) 719-7054,,,https://www.apartments.com/280-salmon-brook-st-granby-ct-unit-5-106/m5cm4vj/,prosumer,2025-07-01T04:17:29.615Z
6nhebpr,"84 New Rd, Avon, CT 06001",84 New Rd,,"$2,950",4,2.5,1922,House for Rent,(860) 888-2732,,,https://www.apartments.com/84-new-rd-avon-ct/6nhebpr/,prosumer,2025-07-01T04:17:29.625Z
s048q05,"68 George St, Bristol, CT 06010",68 George St,,"$1,650",2,1,942,Apartment for Rent,(860) 670-9513,,,https://www.apartments.com/68-george-st-bristol-ct/s048q05/,prosumer,2025-07-01T04:17:29.640Z
55dhmbp,"633 Arch St Unit 3, New Britain, CT 06051",633 Arch St Unit 3,,"$1,250",2,1,832,Apartment for Rent,(860) 938-6311,,,https://www.apartments.com/633-arch-st-new-britain-ct-unit-3/55dhmbp/,prosumer,2025-07-01T04:17:29.657Z
v9z8rhe,"218 Berlin Ave, Southington, CT 06489",218 Berlin Ave,,"$2,250",3,1,1248,House for Rent,(860) 276-5802,,,https://www.apartments.com/218-berlin-ave-southington-ct/v9z8rhe/,prosumer,2025-07-01T04:17:29.667Z
qfweh0w,"35 High St, Canton, CT 06019",35 High St,,"$2,800",4,1,1540,House for Rent,(860) 416-0388,,,https://www.apartments.com/35-high-st-canton-ct/qfweh0w/,prosumer,2025-07-01T04:17:29.683Z
792xq4y,"27 Margerie St Unit 2, Bristol, CT 06010",27 Margerie St Unit 2,,"$1,250",2,1,550,Apartment for Rent,(860) 214-3974,,,https://www.apartments.com/27-margerie-st-bristol-ct-unit-2/792xq4y/,prosumer,2025-07-01T04:17:29.698Z
bfvvh9c,"340 Arch St Unit 4N, New Britain, CT 06051",340 Arch St Unit 4N,,"$1,600",3,1,1000,Apartment for Rent,(860) 617-1740,,,https://www.apartments.com/340-arch-st-new-britain-ct-unit-4n/bfvvh9c/,prosumer,2025-07-01T04:17:29.708Z
266znzc,"70 George St, Bristol, CT 06010",70 George St,,"$1,650",2,1,816,Apartment for Rent,(860) 670-9513,,,https://www.apartments.com/70-george-st-bristol-ct/266znzc/,prosumer,2025-07-01T04:17:29.739Z
2wv8849,"482 West St, Bristol, CT 06010",482 West St,,"$1,850",2,1,1976,Apartment for Rent,(203) 525-9034,,,https://www.apartments.com/482-west-st-bristol-ct/2wv8849/,prosumer,2025-07-01T04:17:29.749Z
crskx4g,"530 West St, Southington, CT 06489",530 West St,,"$1,200",3,1,1494,Room for Rent,(860) 384-9770,,,https://www.apartments.com/530-west-st-southington-ct/crskx4g/,prosumer,2025-07-01T04:17:29.759Z
yvvn41t,"110 Songbird Ln Unit 110, Farmington, CT 06032",110 Songbird Ln Unit 110,,"$2,500",2,2.5,1236,Condo for Rent,(860) 877-9771,,,https://www.apartments.com/110-songbird-ln-farmington-ct-unit-110/yvvn41t/,prosumer,2025-07-01T04:17:29.775Z
j0tcsf6,"33 Howland Rd, West Hartford, CT 06107",33 Howland Rd,,"$4,200",4,2.5,1836,House for Rent,(610) 972-2101,,,https://www.apartments.com/33-howland-rd-west-hartford-ct/j0tcsf6/,prosumer,2025-07-01T04:17:32.259Z
8y0vzw3,"30 Long St, New Britain, CT 06051",30 Long St,,"$1,200",1,1,750,Apartment for Rent,(959) 777-4843,,,https://www.apartments.com/30-long-st-new-britain-ct/8y0vzw3/,prosumer,2025-07-01T04:17:32.281Z
6rfq7lv,"39 Washington St Unit 302, Bristol, CT 06010",39 Washington St Unit 302,,"$1,700",2,1,900,Apartment for Rent,(860) 205-8640,,,https://www.apartments.com/39-washington-st-bristol-ct-unit-302/6rfq7lv/,prosumer,2025-07-01T04:17:32.304Z
hf4zf62,"69 Smith St Unit 2, New Britain, CT 06053",69 Smith St Unit 2,,"$1,600",2,1,1576,Apartment for Rent,(203) 218-8853,,,https://www.apartments.com/69-smith-st-new-britain-ct-unit-2/hf4zf62/,prosumer,2025-07-01T04:17:32.324Z
d5whz8h,"75 Harold Rd, Farmington, CT 06032",75 Harold Rd,,"$3,200",3,3,1462,House for Rent,(860) 302-4411,,,https://www.apartments.com/75-harold-rd-farmington-ct/d5whz8h/,prosumer,2025-07-01T04:17:32.335Z
tr081bc,"218 West St Unit C4, Bristol, CT 06010",218 West St Unit C4,,"$1,450",2,1,11640,Apartment for Rent,(860) 919-7377,,,https://www.apartments.com/218-west-st-bristol-ct-unit-c4/tr081bc/,prosumer,2025-07-01T04:17:32.351Z
46m82wj,"147 Overlook Ave Unit 2, New Britain, CT 06053",147 Overlook Ave Unit 2,,"$1,600",3,1,1144,Apartment for Rent,(860) 402-8517,,,https://www.apartments.com/147-overlook-ave-new-britain-ct-unit-2/46m82wj/,prosumer,2025-07-01T04:17:32.361Z
6lfn9rr,"160 Brittany Farms Rd Unit B, New Britain, CT 06053",160 Brittany Farms Rd Unit B,,"$2,500",2,2.5,1658,Condo for Rent,(860) 305-5585,,,https://www.apartments.com/160-brittany-farms-rd-new-britain-ct-unit-b/6lfn9rr/,prosumer,2025-07-01T04:17:32.377Z
nwt48vp,"194 S Main St Unit 4, New Britain, CT 06051",194 S Main St Unit 4,,"$1,150",1,1,700,Apartment for Rent,(203) 887-6226,,,https://www.apartments.com/194-s-main-st-new-britain-ct-unit-4/nwt48vp/,prosumer,2025-07-01T04:17:32.393Z
p79kc9v,"76 Gridley St Unit 2nd floor, Bristol, CT 06010",76 Gridley St Unit 2nd floor,,"$1,650",2,1,1092,Apartment for Rent,(860) 999-2818,,,https://www.apartments.com/76-gridley-st-bristol-ct-unit-2nd-floor/p79kc9v/,prosumer,2025-07-01T04:17:32.410Z
zf3b79z,"410 Emmett St Unit 82, Bristol, CT 06010",410 Emmett St Unit 82,,"$2,000",2,1.5,1492,Condo for Rent,(860) 450-2620,,,https://www.apartments.com/410-emmett-st-bristol-ct-unit-82/zf3b79z/,prosumer,2025-07-01T04:17:32.420Z
g04bvgw,"19 Hurlburt St, New Britain, CT 06051",19 Hurlburt St,,"$2,000",3,1.5,1128,Apartment for Rent,(860) 384-1947,,,https://www.apartments.com/19-hurlburt-st-new-britain-ct/g04bvgw/,prosumer,2025-07-01T04:17:32.429Z
bttbzj9,"500 Farmington Ave Unit 2, New Britain, CT 06053",500 Farmington Ave Unit 2,,"$1,750",3,1.5,1300,Apartment for Rent,(860) 402-8517,,,https://www.apartments.com/500-farmington-ave-new-britain-ct-unit-2/bttbzj9/,prosumer,2025-07-01T04:17:32.444Z
wmm456k,"40 Pulaski St, New Britain, CT 06053",40 Pulaski St,,"$1,800",2,1,2844,Apartment for Rent,(860) 508-8508,,,https://www.apartments.com/40-pulaski-st-new-britain-ct/wmm456k/,prosumer,2025-07-01T04:17:32.461Z
zh7xs1z,"67 Brooklawn St Unit 2nd Floor, New Britain, CT 06052",67 Brooklawn St Unit 2nd Floor,,"$1,600",2,1,1116,Apartment for Rent,(203) 464-5411,,,https://www.apartments.com/67-brooklawn-st-new-britain-ct-unit-2nd-floor/zh7xs1z/,prosumer,2025-07-01T04:17:32.471Z
fwlzktt,"273 Queen St Unit APT 12B, Southington, CT 06489",273 Queen St Unit APT 12B,,"$1,700",2,1.5,920,Condo for Rent,(860) 302-8394,,,https://www.apartments.com/273-queen-st-southington-ct-unit-apt-12b/fwlzktt/,prosumer,2025-07-01T04:17:32.487Z
g3wd3xy,"124 Biruta St Unit A2, New Britain, CT 06053",124 Biruta St Unit A2,,"$1,250",,1,399,Condo for Rent,(860) 280-8702,,,https://www.apartments.com/124-biruta-st-new-britain-ct-unit-a2/g3wd3xy/,prosumer,2025-07-01T04:17:32.502Z
pl5ls2t,"171 School St Unit 2E, Bristol, CT 06010",171 School St Unit 2E,,"$1,375",2,1,1300,Apartment for Rent,(860) 970-6613,,,https://www.apartments.com/171-school-st-bristol-ct-unit-2e/pl5ls2t/,prosumer,2025-07-01T04:17:32.512Z
gt1hhpw,"115 Belden St, New Britain, CT 06051",115 Belden St,,"$2,475",3,1,1350,Apartment for Rent,(860) 815-1280,,,https://www.apartments.com/115-belden-st-new-britain-ct/gt1hhpw/,prosumer,2025-07-01T04:17:32.544Z
c52tbrf,"541 Burritt St, New Britain, CT 06053",541 Burritt St,,"$3,500",6,2.5,2226,Apartment for Rent,(860) 874-6646,,,https://www.apartments.com/541-burritt-st-new-britain-ct/c52tbrf/,prosumer,2025-07-01T04:17:32.558Z
2j75wqb,"15 Burnham St Unit 2, Plymouth, CT 06786",15 Burnham St Unit 2,,"$2,200",6,3,1901,Apartment for Rent,(203) 241-0594,,,https://www.apartments.com/15-burnham-st-plymouth-ct-unit-2/2j75wqb/,prosumer,2025-07-01T04:17:32.568Z
mdxrdsl,"541 Burritt St Unit 1 Floor, New Britain, CT 06053",541 Burritt St Unit 1 Floor,,"$1,750",3,1,2226,Apartment for Rent,(860) 874-6646,,,https://www.apartments.com/541-burritt-st-new-britain-ct-unit-1-floor/mdxrdsl/,prosumer,2025-07-01T04:17:32.584Z
9z4p9f4,"30 Holmes Cir, Farmington, CT 06032",30 Holmes Cir,,"$3,200",3,2,1884,House for Rent,(860) 841-4071,,,https://www.apartments.com/30-holmes-cir-farmington-ct/9z4p9f4/,prosumer,2025-07-01T04:17:32.601Z
hl61ql0,"66 Winthrop St, New Britain, CT 06052",66 Winthrop St,,"$2,100",3,2,3946,Apartment for Rent,(860) 478-8674,,,https://www.apartments.com/66-winthrop-st-new-britain-ct/hl61ql0/,prosumer,2025-07-01T04:17:32.611Z
82cemg0,"48 S Burritt St Unit 1R, New Britain, CT 06052",48 S Burritt St Unit 1R,,"$1,650",2,1,900,Apartment for Rent,(860) 916-6433,,,https://www.apartments.com/48-s-burritt-st-new-britain-ct-unit-1r/82cemg0/,prosumer,2025-07-01T04:17:32.627Z
61l2ens,"55 Bishop Ln, Avon, CT 06001",55 Bishop Ln,,"$25,000",6,6,12157,House for Rent,(860) 874-6646,,,https://www.apartments.com/55-bishop-ln-avon-ct/61l2ens/,prosumer,2025-07-01T04:17:32.638Z
km3j3mc,"93 Caesar Dr Unit 95, Bristol, CT 06010",93 Caesar Dr Unit 95,,"$1,700",2,1.5,1900,Apartment for Rent,(860) 996-4012,,,https://www.apartments.com/93-caesar-dr-bristol-ct-unit-95/km3j3mc/,prosumer,2025-07-01T04:17:32.652Z
klenycc,"642 Stafford Ave Unit 4, Bristol, CT 06010",642 Stafford Ave Unit 4,,"$2,000",2,1,1080,Apartment for Rent,(860) 538-7567,,,https://www.apartments.com/642-stafford-ave-bristol-ct-unit-4/klenycc/,prosumer,2025-07-01T04:17:32.669Z
p4jjs0s,"24 Willis St Unit 1, Bristol, CT 06010",24 Willis St Unit 1,,"$2,700",4,1,1500,Apartment for Rent,(203) 512-3303,,,https://www.apartments.com/24-willis-st-bristol-ct-unit-1/p4jjs0s/,prosumer,2025-07-01T04:17:32.686Z
mw4jfeh,"92 Kenmore Rd, Bloomfield, CT 06002",92 Kenmore Rd,,"$5,500",3,2,2304,House for Rent,(203) 217-2692,,,https://www.apartments.com/92-kenmore-rd-bloomfield-ct/mw4jfeh/,prosumer,2025-07-01T04:17:32.696Z
m231dvh,"8 Alto Rd Unit C Rear, Burlington, CT 06013",8 Alto Rd Unit C Rear,,"$2,200",2,1,1200,Apartment for Rent,(860) 309-0474,,,https://www.apartments.com/8-alto-rd-burlington-ct-unit-c-rear/m231dvh/,prosumer,2025-07-01T04:17:32.706Z
v5bbh8d,"160 Main St Unit 2B, New Britain, CT 06051",160 Main St Unit 2B,,"$1,988",2,1,1100,Apartment for Rent,(215) 730-5401,,,https://www.apartments.com/160-main-st-new-britain-ct-unit-2b/v5bbh8d/,prosumer,2025-07-01T04:17:32.720Z
s7bxtv6,"178 New Britain Rd, Berlin, CT 06037",178 New Britain Rd,,"$2,600",2,1.5,744,House for Rent,(203) 695-8486,,,https://www.apartments.com/178-new-britain-rd-berlin-ct/s7bxtv6/,prosumer,2025-07-01T04:17:32.737Z
3p9kemd,"136 Liberty St Unit 111, Southington, CT 06489",136 Liberty St Unit 111,,"$2,200",2,1,1060,Apartment for Rent,(860) 919-4484,,,https://www.apartments.com/136-liberty-st-southington-ct-unit-111/3p9kemd/,prosumer,2025-07-01T04:17:32.747Z
4k9w67k,"267 N Washington St, Plainville, CT 06062",267 N Washington St,,"$2,400",4,1,1202,House for Rent,(860) 474-3762,,,https://www.apartments.com/267-n-washington-st-plainville-ct/4k9w67k/,prosumer,2025-07-01T04:17:32.764Z
yyt6kds,"4 Beth Ct Unit 2, New Britain, CT 06053",4 Beth Ct Unit 2,,"$1,600",3,1,1240,Apartment for Rent,(860) 883-2099,,,https://www.apartments.com/4-beth-ct-new-britain-ct-unit-2/yyt6kds/,prosumer,2025-07-01T04:17:32.778Z
85flzn1,"86 Rockwell Ave Unit 1st Fl, New Britain, CT 06051",86 Rockwell Ave Unit 1st Fl,,"$1,600",2,1,826,Apartment for Rent,(860) 874-3824,,,https://www.apartments.com/86-rockwell-ave-new-britain-ct-unit-1st-fl/85flzn1/,prosumer,2025-07-01T04:17:32.788Z
1p0pkv4,"181 Farms Village Rd, Simsbury, CT 06092",181 Farms Village Rd,,"$4,500",4,3.5,2732,House for Rent,(860) 878-1607,,,https://www.apartments.com/181-farms-village-rd-simsbury-ct/1p0pkv4/,prosumer,2025-07-01T04:17:32.818Z
nbvpkfp,"15 Trout Brook Rd, Bristol, CT 06010",15 Trout Brook Rd,,"$1,700",3,1,1046,Apartment for Rent,(860) 874-6646,,,https://www.apartments.com/15-trout-brook-rd-bristol-ct/nbvpkfp/,prosumer,2025-07-01T04:17:32.830Z
jrlv0w4,"267 Main St Unit 512, New Britain, CT 06051",267 Main St Unit 512,,"$1,625",,1,501,Apartment for Rent,(860) 919-0709,,,https://www.apartments.com/267-main-st-new-britain-ct-unit-512/jrlv0w4/,prosumer,2025-07-01T04:17:32.841Z
