listingId,title,address,streetAddress,rent,beds,baths,sqft,propertyType,phone,url,placardType,has3DTour,company,latitude,longitude,geoSource,timestamp
"5hb2j1q","Aspen Green at Simsbury","20 Hopmeadow St, Village of Weatogue, CT 06089","20 Hopmeadow St","$2,475 - $4,500","3","","","","(860) 784-7934","https://www.apartments.com/aspen-green-at-simsbury-village-of-weatogue-ct/5hb2j1q/","diamond","Yes","Garden Communities","41.8228543","-72.8275773","google-places","2025-07-02T06:27:40.749Z"
"1bl22r6","Avon Woods Apartments","64 Avonwood Rd, Avon, CT 06001","64 Avonwood Rd","$1,645 - $2,390","2","","","","(860) 846-3257","https://www.apartments.com/avon-woods-apartments-avon-ct/1bl22r6/","diamond","Yes","","41.80098","-72.8242978","google-places","2025-07-02T06:27:40.802Z"
"jejxft7","King's Ridge (small quiet community)","144 Hopmeadow St, Weatogue, CT 06089","144 Hopmeadow St","$1,950 - $2,550","2","","","","(860) 421-9834","https://www.apartments.com/kings-ridge-small-quiet-community-weatogue-ct/jejxft7/","gold","Yes","","41.8319027","-72.8177831","google-places","2025-07-02T06:27:40.833Z"
"18lmv05","The Flats at Talcott","51 Hopmeadow St, Weatogue, CT 06089","51 Hopmeadow St","$1,760 - $1,805","1","","","","(959) 200-8673","https://www.apartments.com/the-flats-at-talcott-weatogue-ct/18lmv05/","gold","Yes","Red Tail Residential","41.8271392","-72.8277449","google-places","2025-07-02T06:27:40.862Z"
"7w05g8y","Canal Place","1 Old Canal Way, Weatogue, CT 06089","1 Old Canal Way","$2,065","3","","","","(860) 847-7465","https://www.apartments.com/canal-place-weatogue-ct/7w05g8y/","gold","Yes","Red Tail Residential","41.8345121","-72.81914379999999","google-places","2025-07-02T06:27:40.891Z"
"rl0h433","Avon Colonial Manor","156 W Main St, Avon, CT 06001","156 W Main St","$1,585 - $1,795","2","","","","(959) 251-1059","https://www.apartments.com/avon-colonial-manor-avon-ct/rl0h433/","silver","No","","41.506841","-112.015958","google-places","2025-07-02T06:27:40.932Z"
"jyv3hp4","6 Riverview, Avon, CT 06001","","6 Riverview","$3,100","2","2.5","2058","Townhome for Rent","(952) 210-3686","https://www.apartments.com/6-riverview-avon-ct/jyv3hp4/","prosumer","No","","41.7579","-72.79674","script-coordinates","2025-07-02T06:27:40.962Z"
"7db0pyy","115 W Avon Rd, Unionville, CT 06085","","115 W Avon Rd","$4,000","4","3","2342","House for Rent","(860) 530-6951","https://www.apartments.com/115-w-avon-rd-unionville-ct/7db0pyy/","prosumer","No","","41.7579","-72.79674","script-coordinates","2025-07-02T06:27:40.987Z"
"88k0w01","1744 Farmington Ave Unit 2, Unionville, CT 06085","","1744 Farmington Ave Unit 2","$1,600","1","1","650","Apartment for Rent","(860) 785-6445","https://www.apartments.com/1744-farmington-ave-unionville-ct/88k0w01/","prosumer","No","","41.7579","-72.79674","script-coordinates","2025-07-02T06:27:41.017Z"
"6nhebpr","84 New Rd, Avon, CT 06001","","84 New Rd","$2,950","4","2.5","1922","House for Rent","(860) 888-2732","https://www.apartments.com/84-new-rd-avon-ct/6nhebpr/","prosumer","No","","41.7579","-72.79674","script-coordinates","2025-07-02T06:27:41.041Z"
"1bl22r6","","","","","","","","","","","reinforcement","No","","41.7579","-72.79674","script-coordinates","2025-07-02T06:27:41.067Z"
"61l2ens","55 Bishop Ln, Avon, CT 06001","","55 Bishop Ln","$25,000","6","6","12157","House for Rent","(860) 874-6646","https://www.apartments.com/55-bishop-ln-avon-ct/61l2ens/","prosumer","No","","41.7579","-72.79674","script-coordinates","2025-07-02T06:27:41.092Z"
"rmhbnc0","31 Rivermead, Avon, CT 06001","","31 Rivermead","$3,150","3","3.5","1872","Condo for Rent","(860) 919-1631","https://www.apartments.com/31-rivermead-avon-ct/rmhbnc0/","prosumer","No","","41.7579","-72.79674","script-coordinates","2025-07-02T06:27:41.117Z"
"fqtqjzs","41 Mallard Dr Unit 41, Avon, CT 06001","","41 Mallard Dr Unit 41","$2,700","2","2","1258","Condo for Rent","(860) 573-0277","https://www.apartments.com/41-mallard-dr-avon-ct-unit-41/fqtqjzs/","prosumer","No","","41.7579","-72.79674","script-coordinates","2025-07-02T06:27:41.147Z"
"wxt6c2l","41 Crocus Ln Unit 41, Avon, CT 06001","","41 Crocus Ln Unit 41","$2,800","2","2","1350","Condo for Rent","(860) 402-6924","https://www.apartments.com/41-crocus-ln-avon-ct-unit-41/wxt6c2l/","prosumer","No","","41.7579","-72.79674","script-coordinates","2025-07-02T06:27:41.172Z"
"r7clh31","10 Riverview Unit 10, Avon, CT 06001","","10 Riverview Unit 10","$3,000","2","2.5","2028","Condo for Rent","(860) 986-9297","https://www.apartments.com/10-riverview-avon-ct-unit-10/r7clh31/","prosumer","No","","41.7579","-72.79674","script-coordinates","2025-07-02T06:27:41.197Z"
"bp29lkc","16 Applewood Ln Unit 16, Avon, CT 06001","","16 Applewood Ln Unit 16","$3,500","3","2.5","1910","Condo for Rent","(860) 944-3773","https://www.apartments.com/16-applewood-ln-avon-ct-unit-16/bp29lkc/","prosumer","No","","41.7579","-72.79674","script-coordinates","2025-07-02T06:27:41.226Z"
"qfweh0w","35 High St, Canton, CT 06019","","35 High St","$2,800","4","1","1540","House for Rent","(860) 416-0388","https://www.apartments.com/35-high-st-canton-ct/qfweh0w/","prosumer","No","","41.7579","-72.79674","script-coordinates","2025-07-02T06:27:41.262Z"
"4fpt87k","115 W Avon Rd, Farmington, CT 06085","","115 W Avon Rd","$4,000","4","3","2642","House for Rent","(203) 228-3738","https://www.apartments.com/115-w-avon-rd-farmington-ct/4fpt87k/","prosumer","No","","41.7579","-72.79674","script-coordinates","2025-07-02T06:27:41.292Z"
"gwshp6y","1657 Farmington Ave, Farmington, CT 06085","","1657 Farmington Ave","$3,000","4","2.5","1608","House for Rent","(860) 913-9411","https://www.apartments.com/1657-farmington-ave-farmington-ct/gwshp6y/","prosumer","No","","41.7579","-72.79674","script-coordinates","2025-07-02T06:27:41.321Z"
"x9j6rwp","54 Bridge St Unit #54 2nd floor west, Collinsville, CT 06019","","54 Bridge St Unit #54 2nd floor west","$1,600","1","1","700","Apartment for Rent","(860) 560-1605","https://www.apartments.com/54-bridge-st-collinsville-ct/x9j6rwp/","prosumer","No","","41.7579","-72.79674","script-coordinates","2025-07-02T06:27:41.345Z"
"rpgjzr2","","","6 Riverview Unit 6","$3,100","2","2.25","2058","Condo for Rent","","https://www.apartments.com/6-riverview-avon-ct-unit-6/rpgjzr2/","basic","No","","41.7579","-72.79674","script-coordinates","2025-07-02T06:27:41.373Z"
"qrjns7w","","","3 Laurel Ln","$3,400","3","2","","House for Rent","","https://www.apartments.com/3-laurel-ln-avon-ct/qrjns7w/","basic","No","","41.7579","-72.79674","script-coordinates","2025-07-02T06:27:41.397Z"
"d41jjpk","","","604 Huckleberry Hill Rd","$2,195","2","1","819","House for Rent","","https://www.apartments.com/604-huckleberry-hill-rd-avon-ct/d41jjpk/","basic","No","","41.7579","-72.79674","script-coordinates","2025-07-02T06:27:41.425Z"
"3thf3xf","","","9 Riverview Unit 9","$3,200","2","3","1980","Condo for Rent","","https://www.apartments.com/9-riverview-avon-ct-unit-9/3thf3xf/","basic","No","","41.7579","-72.79674","script-coordinates","2025-07-02T06:27:41.452Z"
"zz6wnvz","","","227-229-229 River Rd","$3,250","3","2.5","1408","Condo for Rent","","https://www.apartments.com/227-229-229-river-rd-farmington-ct/zz6wnvz/","basic","No","","41.7579","-72.79674","script-coordinates","2025-07-02T06:27:41.478Z"
"4qrq80l","Station 280","280 Salmon Brook St, Granby, CT 06035","280 Salmon Brook St","$2,199 - $3,250","3","","","","(717) 895-8376","https://www.apartments.com/station-280-granby-ct/4qrq80l/","diamond","Yes","","41.9589218","-72.787604","google-places","2025-07-02T06:27:56.860Z"
"t0w0yfc","The Olmsted Farmington","80 Batterson Park Rd, Farmington, CT 06032","80 Batterson Park Rd","$2,265 - $5,640","3","","","","(959) 200-8329","https://www.apartments.com/the-olmsted-farmington-farmington-ct/t0w0yfc/","diamond","No","The Simon Konover Company","41.714588","-72.792411","google-places","2025-07-02T06:27:56.909Z"
"5hb2j1q","Aspen Green at Simsbury","20 Hopmeadow St, Village of Weatogue, CT 06089","20 Hopmeadow St","$2,475 - $4,500","3","","","","(860) 784-7934","https://www.apartments.com/aspen-green-at-simsbury-village-of-weatogue-ct/5hb2j1q/","diamond","Yes","Garden Communities","41.8228543","-72.8275773","google-places","2025-07-02T06:27:56.969Z"
"1bl22r6","Avon Woods Apartments","64 Avonwood Rd, Avon, CT 06001","64 Avonwood Rd","$1,645 - $2,390","2","","","","(860) 846-3257","https://www.apartments.com/avon-woods-apartments-avon-ct/1bl22r6/","diamond","Yes","","41.80098","-72.8242978","google-places","2025-07-02T06:27:56.993Z"
"jj9vbz6","Up House","15 Farm Springs Rd, Farmington, CT 06032","15 Farm Springs Rd","$1,649","2","","","","(860) 845-1202","https://www.apartments.com/up-house-farmington-ct/jj9vbz6/","diamond","No","CS Management","41.7129997","-72.8014632","google-places","2025-07-02T06:27:57.016Z"
"6bc5n7t","The BRIT","267 Main St, New Britain, CT 06051","267 Main St","$1,625 - $2,925","2","","","","(959) 666-6426","https://www.apartments.com/the-brit-new-britain-ct/6bc5n7t/","diamond","Yes","The Simon Konover Company","-27.4702716","153.0353584","google-places","2025-07-02T06:27:57.046Z"
"h3lq9m2","80 South Rd","80 South Rd, Farmington, CT 06032","80 South Rd","$1,975","2","","","","(860) 850-2509","https://www.apartments.com/80-south-rd-farmington-ct/h3lq9m2/","diamond","Yes","Metro Realty Group, Ltd.","41.723779","-72.793814","google-places","2025-07-02T06:27:57.068Z"
"vye0swg","The Grand Meadows","1 Bramble Bush Cir, East Granby, CT 06026","1 Bramble Bush Cir","$3,214 - $4,639","4","","","","(860) 901-1468","https://www.apartments.com/the-grand-meadows-east-granby-ct/vye0swg/","diamond","No","Connecticut Realty Trust","41.9428299","-72.715345","google-places","2025-07-02T06:27:57.089Z"
"lbx6gjd","Newington Tower","1317 East St, New Britain, CT 06053","1317 East St","$1,650 - $2,115","2","","","","(860) 846-4219","https://www.apartments.com/newington-tower-new-britain-ct/lbx6gjd/","diamond","Yes","","33.0915184","-98.5840137","google-places","2025-07-02T06:27:57.111Z"
"1b1e607","Eagle Rock Apartments at West Hartford","1248-1260 Farmington Ave, West Hartford, CT 06107","1248-1260 Farmington Ave","$1,920 - $2,935","2","","","","(860) 846-3192","https://www.apartments.com/eagle-rock-apartments-at-west-hartford-west-hartford-ct/1b1e607/","diamond","Yes","Eagle Rock Properties","41.7550018","-72.7673787","google-places","2025-07-02T06:27:57.132Z"
"0281p12","Summit and Birch Hill Apartments","271-287 Main St, Farmington, CT 06032","271-287 Main St","$2,025 - $2,295","2","","","","(860) 855-7601","https://www.apartments.com/summit-and-birch-hill-apartments-farmington-ct/0281p12/","diamond","Yes","Navarino Property Group","41.706182","-72.84231","google-places","2025-07-02T06:27:57.155Z"
"byvx439","Kenmore Apartments","78 Laning St, Southington, CT 06489","78 Laning St","$1,825 - $2,125","2","","","","(475) 255-0243","https://www.apartments.com/kenmore-apartments-southington-ct/byvx439/","diamond","Yes","Kenmore Sussman Realty","41.6309809","-72.870438","google-places","2025-07-02T06:27:57.179Z"
"zk9lctz","New Country Club Estates","2086-2090 Stanley St, New Britain, CT 06053","2086-2090 Stanley St","$1,600 - $1,675","1","","","","(860) 846-4880","https://www.apartments.com/new-country-club-estates-new-britain-ct/zk9lctz/","diamond","Yes","Kenmore Sussman Realty","41.7018963","-72.7751602","google-places","2025-07-02T06:27:57.216Z"
"9zkjyq4","Mill Commons","1 Millers Way, Simsbury, CT 06070","1 Millers Way","$3,698","2","","","","(877) 357-4465","https://www.apartments.com/mill-commons-simsbury-ct/9zkjyq4/","diamond","Yes","Beachwold Residential","52.19003670000001","-0.8812905","google-places","2025-07-02T06:27:57.232Z"
"ght214x","The Pointe at Dorset Crossing","55 Dorset Crossing Dr, Simsbury, CT 06070","55 Dorset Crossing Dr","$1,981 - $2,883","2","","","","(860) 847-7771","https://www.apartments.com/the-pointe-at-dorset-crossing-simsbury-ct/ght214x/","diamond","Yes","","41.906691","-72.7914773","google-places","2025-07-02T06:27:57.259Z"
"clxyh9g","Pebblebrook Apartments","44-46 Brittany Farms Rd, New Britain, CT 06053","44-46 Brittany Farms Rd","$1,650 - $1,975","2","","","","(860) 846-3941","https://www.apartments.com/pebblebrook-apartments-new-britain-ct/clxyh9g/","basic","Yes","Windsor Properties","41.710624","-72.77055659999999","google-places","2025-07-02T06:27:57.277Z"
"by4nxcb","Residences at 299","299 Colt Hwy, Farmington, CT 06032","299 Colt Hwy","$2,400 - $3,200","2","","","","(959) 245-2454","https://www.apartments.com/residences-at-299-farmington-ct/by4nxcb/","basic","Yes","Metro Realty Group, Ltd.","41.7083115","-72.8179091","google-places","2025-07-02T06:27:57.298Z"
"nnwxkcp","Eden & Main 55+ Apartments","37 Eden Ave, Southington, CT 06489","37 Eden Ave","$2,200 - $2,350","2","","","","(860) 406-5718","https://www.apartments.com/eden-main-55-apartments-southington-ct/nnwxkcp/","basic","Yes","The Simon Konover Company","41.5985023","-72.8795769","google-places","2025-07-02T06:27:57.320Z"
"69gj3sv","Highcroft Apartments","900 Highcroft Pl, Weatogue, CT 06089","900 Highcroft Pl","$2,165 - $11,027","3","","","","(860) 773-0626","https://www.apartments.com/highcroft-apartments-weatogue-ct/69gj3sv/","basic","Yes","Eagle Rock Properties","41.8536137","-72.8209639","google-places","2025-07-02T06:27:57.344Z"
"je8nl56","The Ridge at Talcott Mountain","200 Hopmeadow St, Weatogue, CT 06089","200 Hopmeadow St","$2,200 - $2,520","2","","","","(959) 251-2355","https://www.apartments.com/the-ridge-at-talcott-mountain-weatogue-ct/je8nl56/","basic","Yes","","41.8340384","-72.8122521","google-places","2025-07-02T06:27:57.374Z"
"8e7vec1","Huntington Woods","200 Blakeslee St, Bristol, CT 06010","200 Blakeslee St","$1,770 - $2,083","3","","","","(959) 208-4802","https://www.apartments.com/huntington-woods-bristol-ct/8e7vec1/","basic","Yes","Winn Companies","41.6731653","-72.9307116","google-places","2025-07-02T06:27:57.397Z"
"g3m8wez","Norton Park Apartments","100 Norton Park Rd, Plainville, CT 06062","100 Norton Park Rd","$1,950 - $2,300","3","","","","(860) 730-1058","https://www.apartments.com/norton-park-apartments-plainville-ct/g3m8wez/","basic","Yes","","41.6624379","-72.875671","google-places","2025-07-02T06:27:57.422Z"
"tdppp68","Normandy Heights","395 Brittany Farms Rd, New Britain, CT 06053","395 Brittany Farms Rd","$1,365 - $2,795","2","","","","(860) 606-4574","https://www.apartments.com/normandy-heights-new-britain-ct/tdppp68/","basic","Yes","Kalimian Equities","41.7122584","-72.7697841","google-places","2025-07-02T06:27:57.448Z"
"jr35754","The Bleu","1412 East St, New Britain, CT 06053","1412 East St","$1,550","2","","","","(518) 714-1525","https://www.apartments.com/the-bleu-new-britain-ct/jr35754/","basic","Yes","Greyhill Group","41.691923","-72.7636055","google-places","2025-07-02T06:27:57.469Z"
"lh06qnf","22 High St","22 High St, Bristol, CT 06010","22 High St","$1,575","2","","","","(860) 845-0611","https://www.apartments.com/22-high-st-bristol-ct/lh06qnf/","basic","Yes","","42.3092938","-71.06065989999999","google-places","2025-07-02T06:27:57.494Z"
"gq7ph9x","The Grand Luxury Apartments and Homes","3 Murtha's Way, Granby, CT 06035","3 Murtha's Way","$1,906 - $5,526","4","","","","(860) 370-2186","https://www.apartments.com/the-grand-luxury-apartments-and-homes-granby-ct/gq7ph9x/","gold","Yes","Connecticut Realty Trust","41.9316246","-72.7925212","google-places","2025-07-02T06:27:57.515Z"
"qm45qzy","Cardinal Hill","257 Kensington Ave, New Britain, CT 06051","257 Kensington Ave","$1,150 - $1,500","1","","","","(860) 356-3021","https://www.apartments.com/cardinal-hill-new-britain-ct/qm45qzy/","gold","No","","40.59216840000001","-74.07434169999999","google-places","2025-07-02T06:27:57.537Z"
"jejxft7","King's Ridge (small quiet community)","144 Hopmeadow St, Weatogue, CT 06089","144 Hopmeadow St","$1,950 - $2,550","2","","","","(860) 421-9834","https://www.apartments.com/kings-ridge-small-quiet-community-weatogue-ct/jejxft7/","gold","Yes","","41.8319027","-72.8177831","google-places","2025-07-02T06:27:57.560Z"
"18lmv05","The Flats at Talcott","51 Hopmeadow St, Weatogue, CT 06089","51 Hopmeadow St","$1,760 - $1,805","1","","","","(959) 200-8673","https://www.apartments.com/the-flats-at-talcott-weatogue-ct/18lmv05/","gold","Yes","Red Tail Residential","41.8271392","-72.8277449","google-places","2025-07-02T06:27:57.582Z"
"7w05g8y","Canal Place","1 Old Canal Way, Weatogue, CT 06089","1 Old Canal Way","$2,065","3","","","","(860) 847-7465","https://www.apartments.com/canal-place-weatogue-ct/7w05g8y/","gold","Yes","Red Tail Residential","41.8345121","-72.81914379999999","google-places","2025-07-02T06:27:57.620Z"
"58gm7lq","Redstone Gardens","218 Surrey Dr, Bristol, CT 06010","218 Surrey Dr","$1,250 - $1,762","3","","","","(877) 680-5232","https://www.apartments.com/redstone-gardens-bristol-ct/58gm7lq/","gold","No","","41.6647636","-72.90932819999999","google-places","2025-07-02T06:27:57.704Z"
"0hmh4s1","Simsbury Center Apartments","969 Hopmeadow St, Simsbury, CT 06070","969 Hopmeadow St","$1,775 - $1,950","1","","","","(860) 590-2231","https://www.apartments.com/simsbury-center-apartments-simsbury-ct/0hmh4s1/","gold","Yes","Freedom Property","41.8839839","-72.79989929999999","google-places","2025-07-02T06:27:57.731Z"
"64ys5rt","The Croft Farmington","5 Spring Ln, Farmington, CT 06032","5 Spring Ln","$1,775","2","","","","(860) 773-4438","https://www.apartments.com/the-croft-farmington-farmington-ct/64ys5rt/","gold","Yes","Paredim Communities","40.240527","-74.89541419999999","google-places","2025-07-02T06:27:57.760Z"
"kkw7t49","Greenway Village","24 Mill Pond Dr, Granby, CT 06035","24 Mill Pond Dr","$2,200 - $2,800","2","","","","(959) 230-0537","https://www.apartments.com/greenway-village-granby-ct/kkw7t49/","gold","Yes","","41.9350232","-72.78677379999999","google-places","2025-07-02T06:27:57.783Z"
"q4f896z","Colonial Village","22 Colonial Ct, Plainville, CT 06062","22 Colonial Ct","$1,660 - $2,455","2","","","","(475) 255-0358","https://www.apartments.com/colonial-village-plainville-ct/q4f896z/","gold","Yes","The Kamson Corporation","37.7582154","-87.10565439999999","google-places","2025-07-02T06:27:57.820Z"
"66w796t","Main Place Apartments","931-947 W Main St, New Britain, CT 06053","931-947 W Main St","$1,600 - $1,695","2","","","","(860) 846-4462","https://www.apartments.com/main-place-apartments-new-britain-ct/66w796t/","gold","Yes","North Point Management Corporation","41.6683673","-72.8140203","google-places","2025-07-02T06:27:57.853Z"
"newys4q","Evergreen Town House Apartments","600 Ellis St, New Britain, CT 06051","600 Ellis St","$1,550 - $1,675","2","","","","(860) 854-3858","https://www.apartments.com/evergreen-town-house-apartments-new-britain-ct/newys4q/","gold","Yes","Harvest Investments LLC","37.7845634","-122.4162623","google-places","2025-07-02T06:27:57.877Z"
"n035gxq","Pine Brook Terrace","10-90 Pine Brook Ter, Bristol, CT 06010","10-90 Pine Brook Ter","$1,500","2","","","","(959) 245-2401","https://www.apartments.com/pine-brook-terrace-bristol-ct/n035gxq/","gold","Yes","","41.6553995","-72.9173459","google-places","2025-07-02T06:27:57.900Z"
"vvvn80d","Farmington Court Apartments","1449-1495 Farmington Ave, Farmington, CT 06032","1449-1495 Farmington Ave","$2,245","2","","","","(860) 846-4985","https://www.apartments.com/farmington-court-apartments-farmington-ct/vvvn80d/","gold","Yes","","41.745459","-72.8633679","google-places","2025-07-02T06:27:57.921Z"
"zkwzqcw","Fairway Apartments","171 Hartford Rd, New Britain, CT 06053","171 Hartford Rd","$1,260 - $1,405","","","","","(860) 846-4308","https://www.apartments.com/fairway-apartments-new-britain-ct/zkwzqcw/","gold","Yes","Kalimian Equities","41.7040492","-72.7704626","google-places","2025-07-02T06:27:57.943Z"
"tktm9t8","Sunset Rock Apartments","126 New Britain Ave, Plainville, CT 06062","126 New Britain Ave","$1,595 - $2,095","2","","","","(860) 846-4241","https://www.apartments.com/sunset-rock-apartments-plainville-ct/tktm9t8/","gold","Yes","Core Property Management","41.6755882","-72.84912469999999","google-places","2025-07-02T06:29:32.182Z"
"xpcrlym","Springwood Gardens","192 Allen St, New Britain, CT 06053","192 Allen St","$1,269 - $1,665","3","","","","(860) 846-3500","https://www.apartments.com/springwood-gardens-new-britain-ct/xpcrlym/","gold","No","CS Management","40.72218","-73.988666","google-places","2025-07-02T06:29:32.214Z"
"5ksrnlp","The Ellis Block","321 Ellis St, New Britain, CT 06051","321 Ellis St","$1,675 - $2,461","3","","","","(860) 259-2159","https://www.apartments.com/the-ellis-block-new-britain-ct/5ksrnlp/","gold","No","Winn Companies","41.6587254","-72.769657","google-places","2025-07-02T06:29:32.251Z"
"328f50d","ReNew Bristol","1175 Farmington Ave, Bristol, CT 06010","1175 Farmington Ave","$1,370 - $1,750","2","","","","(959) 245-2610","https://www.apartments.com/renew-bristol-bristol-ct/328f50d/","gold","Yes","FPA Multifamily LLC","41.6981964","-72.9048756","google-places","2025-07-02T06:29:32.272Z"
"v9l87gg","124 Pennsylvania Ave","124 Pennsylvania Ave, New Britain, CT 06052","124 Pennsylvania Ave","$1,700","2","1","1776","House for Rent","","https://www.apartments.com/124-pennsylvania-ave-new-britain-ct/v9l87gg/","gold","No","","","","","2025-07-02T06:29:32.302Z"
"db1sneh","Furnished Studio-Hartford - Farmington","1 Batterson Park Rd, Farmington, CT 06032","1 Batterson Park Rd","$2,999","","1","300","Apartment for Rent","(860) 932-8616","https://www.apartments.com/furnished-studio-hartford-farmington-farmington-ct/db1sneh/","gold","No","","","","","2025-07-02T06:29:32.316Z"
"mpv39jl","38 Prospect St Unit 300","38 Prospect St Unit 300, Bristol, CT 06010","38 Prospect St Unit 300","$1,195","2","1","800","Apartment for Rent","","https://www.apartments.com/38-prospect-st-bristol-ct/mpv39jl/","gold","No","","","","","2025-07-02T06:29:32.338Z"
"hnk32t2","Burritt House","59-69 W Main St, New Britain, CT 06051","59-69 W Main St","$1,410 - $1,657","1","","","","(959) 245-5236","https://www.apartments.com/burritt-house-new-britain-ct/hnk32t2/","silver","No","","41.66773380000001","-72.7831338","google-places","2025-07-02T06:29:32.358Z"
"plht18v","52 High St","52 High St, Bristol, CT 06010","52 High St","$2,370","3","","","","(860) 845-6697","https://www.apartments.com/52-high-st-bristol-ct/plht18v/","silver","No","","52.472418","-2.1034053","google-places","2025-07-02T06:29:32.369Z"
"3kl7t9e","Heritage Glen","300-308 Colt Hwy, Farmington, CT 06032","300-308 Colt Hwy","$2,200","2","","","","(959) 245-5036","https://www.apartments.com/heritage-glen-farmington-ct/3kl7t9e/","silver","No","","41.710212","-72.810597","google-places","2025-07-02T06:29:32.401Z"
"3tptzxe","Coppermine Village","150 Shawn Dr, Bristol, CT 06010","150 Shawn Dr","Call for Rent","3","","","","(860) 516-5214","https://www.apartments.com/coppermine-village-bristol-ct/3tptzxe/","silver","No","","43.1285061","-74.4648247","google-places","2025-07-02T06:29:32.412Z"
"rl0h433","Avon Colonial Manor","156 W Main St, Avon, CT 06001","156 W Main St","$1,585 - $1,795","2","","","","(959) 251-1059","https://www.apartments.com/avon-colonial-manor-avon-ct/rl0h433/","silver","No","","41.506841","-112.015958","google-places","2025-07-02T06:29:32.424Z"
"scykyj5","122 High St","122 High St, Bristol, CT 06010","122 High St","$1,750 - $1,925","2","","","","(860) 845-1083","https://www.apartments.com/122-high-st-bristol-ct/scykyj5/","silver","No","","","","","2025-07-02T06:29:32.441Z"
"985jgd4","Bingham Place","3 North St, Bristol, CT 06010","3 North St","$1,400 - $1,750","1","","","","(959) 800-0904","https://www.apartments.com/bingham-place-bristol-ct/985jgd4/","silver","No","","43.1638297","-79.2439235","google-places","2025-07-02T06:29:32.461Z"
"nj2tlrq","Bristol Meadows","241 Redstone Hill Rd, Bristol, CT 06010","241 Redstone Hill Rd","$1,225 - $1,550","2","","","","(860) 406-7664","https://www.apartments.com/bristol-meadows-bristol-ct/nj2tlrq/","silver","No","","41.6583213","-72.9056117","google-places","2025-07-02T06:29:32.474Z"
"d7gf2gh","Summer Brook Apartments","550 Darling St, Southington, CT 06489","550 Darling St","$1,277 - $1,751","3","","","","(959) 245-2144","https://www.apartments.com/summer-brook-apartments-southington-ct/d7gf2gh/","silver","No","","41.6153744","-72.86480639999999","google-places","2025-07-02T06:29:32.491Z"
"kchsx48","Franklin House","66 Franklin Sq, New Britain, CT 06051","66 Franklin Sq","$975 - $1,350","2","","","","(860) 855-3063","https://www.apartments.com/franklin-house-new-britain-ct/kchsx48/","silver","No","","41.6625253","-72.77923919999999","google-places","2025-07-02T06:29:32.508Z"
"4qrq80l","","","","","","","","","","","reinforcement","No","","","","","2025-07-02T06:29:32.525Z"
"khjcq68","Columbus Commons","145 Columbus Blvd, New Britain, CT 06051","145 Columbus Blvd","$1,084 - $1,161","2","","","","(475) 255-3693","https://www.apartments.com/columbus-commons-new-britain-ct/khjcq68/","silver","No","","41.6672389","-72.7771814","google-places","2025-07-02T06:29:32.536Z"
"mt4sm4h","1273 Queen St, Southington, CT 06489","","1273 Queen St","$850","1","1","110","Room for Rent","(959) 200-8677","https://www.apartments.com/1273-queen-st-southington-ct-unit-1/mt4sm4h/","silver","No","","","","","2025-07-02T06:29:32.552Z"
"7hql5yx","299 Park St Unit A3, Bristol, CT 06010","","299 Park St Unit A3","$1,050","1","1","","Apartment for Rent","(646) 598-4341","https://www.apartments.com/299-park-st-bristol-ct-unit-a3/7hql5yx/","prosumer","No","","","","","2025-07-02T06:29:32.570Z"
"8hjqjv0","31 Tyler Ave, Plainville, CT 06062","","31 Tyler Ave","$2,100","3","2","","House for Rent","(860) 846-4897","https://www.apartments.com/31-tyler-ave-plainville-ct/8hjqjv0/","prosumer","No","","","","","2025-07-02T06:29:32.580Z"
"kt9k34b","19 Lawlor St Unit D, New Britain, CT 06051","","19 Lawlor St Unit D","$1,250","2","1","730","Apartment for Rent","(860) 477-7777","https://www.apartments.com/19-lawlor-st-new-britain-ct-unit-d/kt9k34b/","prosumer","No","","","","","2025-07-02T06:29:32.597Z"
"203tnt9","24 Buell St, New Britain, CT 06051","","24 Buell St","$1,500","3","1","","Apartment for Rent","(959) 245-5564","https://www.apartments.com/24-buell-st-new-britain-ct-unit-3rd-floor/203tnt9/","silver","No","","","","","2025-07-02T06:29:32.616Z"
"3pnt53f","38 Windmill Springs, Granby, CT 06035","","38 Windmill Springs","$2,550","2","3","1682","Townhome for Rent","(860) 791-3834","https://www.apartments.com/38-windmill-springs-granby-ct/3pnt53f/","prosumer","No","","","","","2025-07-02T06:29:32.636Z"
"2xktsnb","23 Vine Hill Rd, Farmington, CT 06032","","23 Vine Hill Rd","$4,750","4","4","3194","House for Rent","(860) 784-7270","https://www.apartments.com/23-vine-hill-rd-farmington-ct/2xktsnb/","prosumer","No","","","","","2025-07-02T06:29:32.657Z"
"lfps44e","32 Hayes St, New Britain, CT 06053","","32 Hayes St","$2,000","3","1","1200","Apartment for Rent","(860) 899-1848","https://www.apartments.com/32-hayes-st-new-britain-ct-unit-2nd/lfps44e/","silver","No","","","","","2025-07-02T06:29:32.674Z"
"3spfnne","372 Park St Unit Apt. #3, Bristol, CT 06010","","372 Park St Unit Apt. #3","$1,050","2","1","750","Apartment for Rent","(203) 725-5514","https://www.apartments.com/372-park-st-bristol-ct-unit-apt-3/3spfnne/","prosumer","No","","","","","2025-07-02T06:29:32.686Z"
"h2r4sb2","67 Brooklawn St, New Britain, CT 06052","","67 Brooklawn St","$1,600","2","1","1116","Apartment for Rent","(203) 464-5411","https://www.apartments.com/67-brooklawn-st-new-britain-ct/h2r4sb2/","prosumer","No","","","","","2025-07-02T06:29:32.704Z"
"7db0pyy","115 W Avon Rd, Unionville, CT 06085","","115 W Avon Rd","$4,000","4","3","2342","House for Rent","(860) 530-6951","https://www.apartments.com/115-w-avon-rd-unionville-ct/7db0pyy/","prosumer","No","","","","","2025-07-02T06:29:32.720Z"
"5rtp47q","94 Glen St Unit 3rd Floor, New Britain, CT 06051","","94 Glen St Unit 3rd Floor","$1,590","3","1","","Apartment for Rent","(959) 245-5832","https://www.apartments.com/94-glen-st-new-britain-ct-unit-3rd-floor/5rtp47q/","prosumer","No","","","","","2025-07-02T06:29:32.731Z"
"zn5hd9z","24 Buell St, New Britain, CT 06051","","24 Buell St","$1,500","3","1","950","Apartment for Rent","(860) 356-3868","https://www.apartments.com/24-buell-st-new-britain-ct-unit-3rd-floor/zn5hd9z/","silver","No","","","","","2025-07-02T06:29:32.749Z"
"thq1jcc","18 Roberts St Unit 2, New Britain, CT 06051","","18 Roberts St Unit 2","$800","1","1","","Apartment for Rent","(585) 642-5350","https://www.apartments.com/18-roberts-st-new-britain-ct-unit-2/thq1jcc/","prosumer","No","","","","","2025-07-02T06:29:32.771Z"
"jyv3hp4","6 Riverview, Avon, CT 06001","","6 Riverview","$3,100","2","2.5","2058","Townhome for Rent","(952) 210-3686","https://www.apartments.com/6-riverview-avon-ct/jyv3hp4/","prosumer","No","","","","","2025-07-02T06:29:32.789Z"
"f836f8r","337 Stanley St Unit 1, New Britain, CT 06051","","337 Stanley St Unit 1","$1,750","3","1","1400","Apartment for Rent","(860) 637-0639","https://www.apartments.com/337-stanley-st-new-britain-ct-unit-1/f836f8r/","prosumer","No","","","","","2025-07-02T06:29:32.803Z"
"jtpjld6","287 South Rd, Farmington, CT 06032","","287 South Rd","$1,800","1","1","650","House for Rent","(860) 262-2753","https://www.apartments.com/287-south-rd-farmington-ct/jtpjld6/","prosumer","No","","","","","2025-07-02T06:29:32.819Z"
"7vy3d6x","173 N Main St, Southington, CT 06489","","173 N Main St","$2,100","2","1","1200","Apartment for Rent","(860) 385-6679","https://www.apartments.com/173-n-main-st-southington-ct/7vy3d6x/","silver","No","","","","","2025-07-02T06:29:32.835Z"
"t596479","80-82-82 Garden St, New Britain, CT 06052","","80-82-82 Garden St","$2,000","3","1","1550","Apartment for Rent","(475) 234-4204","https://www.apartments.com/80-82-garden-street-2a-new-britain-ct/t596479/","silver","No","","","","","2025-07-02T06:29:32.846Z"
"edrjdyp","500 Allen St, New Britain, CT 06053","","500 Allen St","$1,700","2","1","1323","Apartment for Rent","(860) 200-2474","https://www.apartments.com/500-allen-st-new-britain-ct/edrjdyp/","silver","No","","","","","2025-07-02T06:29:32.861Z"
"5j8pc5q","405 Park St, Bristol, CT 06010","","405 Park St","$1,600","2","1","888","Apartment for Rent","(860) 845-0452","https://www.apartments.com/405-park-st-bristol-ct/5j8pc5q/","silver","No","","","","","2025-07-02T06:29:32.876Z"
"w5gr54l","167 N Main St, Southington, CT 06489","","167 N Main St","$2,275","2","1.5","1400","Apartment for Rent","(860) 385-6968","https://www.apartments.com/167-n-main-st-southington-ct/w5gr54l/","silver","No","","","","","2025-07-02T06:29:32.887Z"
"8s829p0","55 Columbus Ave, Southington, CT 06489","","55 Columbus Ave","$2,500","2","2.5","1292","Condo for Rent","(860) 329-4707","https://www.apartments.com/55-columbus-ave-southington-ct/8s829p0/","silver","No","","","","","2025-07-02T06:30:11.245Z"
"zv1f4xw","46 Vance Rd, Bristol, CT 06010","","46 Vance Rd","$2,500","3","2","1267","House for Rent","(475) 265-7535","https://www.apartments.com/46-vance-rd-bristol-ct/zv1f4xw/","silver","No","","","","","2025-07-02T06:30:11.273Z"
"zg44bpy","23 Vine Hill Rd, Farmington, CT 06032","","23 Vine Hill Rd","$4,750","4","3.5","3194","House for Rent","(860) 936-9700","https://www.apartments.com/23-vine-hill-rd-farmington-ct/zg44bpy/","silver","No","","","","","2025-07-02T06:30:11.302Z"
"jbgy5q4","136 Tunxis Village, Farmington, CT 06032","","136 Tunxis Village","$3,000","2","2.5","2030","House for Rent","(959) 666-6301","https://www.apartments.com/136-tunxis-village-farmington-ct/jbgy5q4/","silver","No","","","","","2025-07-02T06:30:11.328Z"
"9h7zly5","55 Makara St Unit 1F, Terryville, CT 06786","","55 Makara St Unit 1F","$2,000","3","1","1200","Apartment for Rent","(860) 840-2918","https://www.apartments.com/55-makara-st-terryville-ct/9h7zly5/","prosumer","No","","","","","2025-07-02T06:30:11.347Z"
"m3xqmxl","67 Brooklawn St Unit 2nd Floor, New Britain, CT 06052","","67 Brooklawn St Unit 2nd Floor","$1,600","2","1","1116","Apartment for Rent","(959) 245-2521","https://www.apartments.com/67-brooklawn-st-new-britain-ct/m3xqmxl/","prosumer","No","","","","","2025-07-02T06:30:11.365Z"
"lw6b49f","285 Main St Unit 3, Bristol, CT 06010","","285 Main St Unit 3","$1,800","2","1","2600","Apartment for Rent","(860) 516-5685","https://www.apartments.com/285-main-st-bristol-ct/lw6b49f/","prosumer","No","","","","","2025-07-02T06:30:11.377Z"
"9zkjyq4","","","","","","","","","","","reinforcement","No","","","","","2025-07-02T06:30:11.394Z"
"94lr0m6","8 Alto Rd Unit C Rear, Burlington, CT 06013","","8 Alto Rd Unit C Rear","$2,200","2","1","1200","Apartment for Rent","(860) 782-6689","https://www.apartments.com/8-alto-rd-burlington-ct/94lr0m6/","prosumer","No","","","","","2025-07-02T06:30:11.416Z"
"yh0fn8v","37 Nicholas Dr Unit 37 Nicholas Dr Bristol CT, Bristol, CT 06010","","37 Nicholas Dr Unit 37 Nicholas Dr Bristol CT","$2,100","3","1.5","1300","Apartment for Rent","(860) 936-9051","https://www.apartments.com/37-nicholas-dr-bristol-ct-unit-37-nicholas-dr-bristol-ct/yh0fn8v/","prosumer","No","","","","","2025-07-02T06:30:11.427Z"
"b4wj5b8","197 Tremont St Unit 2F, New Britain, CT 06051","","197 Tremont St Unit 2F","$1,625","2","1","800","Apartment for Rent","(959) 666-9616","https://www.apartments.com/197-tremont-st-new-britain-ct/b4wj5b8/","prosumer","No","","","","","2025-07-02T06:30:11.449Z"
"vzdt9zg","1560 Corbin Ave Unit Eduardo soler, New Britain, CT 06053","","1560 Corbin Ave Unit Eduardo soler","$1,550","2","1","150","Apartment for Rent","(860) 200-3936","https://www.apartments.com/1560-corbin-ave-new-britain-ct/vzdt9zg/","prosumer","No","","","","","2025-07-02T06:30:11.463Z"
"88k0w01","1744 Farmington Ave Unit 2, Unionville, CT 06085","","1744 Farmington Ave Unit 2","$1,600","1","1","650","Apartment for Rent","(860) 785-6445","https://www.apartments.com/1744-farmington-ave-unionville-ct/88k0w01/","prosumer","No","","","","","2025-07-02T06:30:11.472Z"
"ght214x","","","","","","","","","","","reinforcement","No","","","","","2025-07-02T06:30:11.486Z"
"4c98s1h","632 E Main St, New Britain, CT 06051","","632 E Main St","$1,700","","1","480","Apartment for Rent","(860) 626-5997","https://www.apartments.com/632-e-main-st-new-britain-ct/4c98s1h/","prosumer","No","","","","","2025-07-02T06:30:11.503Z"
"1p3f0n5","54 Hungary Rd, Granby, CT 06035","","54 Hungary Rd","$1,100","1","1","1946","Room for Rent","(860) 310-1064","https://www.apartments.com/54-hungary-rd-granby-ct/1p3f0n5/","prosumer","No","","","","","2025-07-02T06:30:11.512Z"
"08067k2","16 Wellington Dr Unit 16 Wellington Dr, Farmington, CT 06032","","16 Wellington Dr Unit 16 Wellington Dr","$1,900","2","1","907","Condo for Rent","(860) 321-1093","https://www.apartments.com/16-wellington-dr-farmington-ct-unit-16-wellington-dr/08067k2/","prosumer","No","","","","","2025-07-02T06:30:11.527Z"
"1f037n5","10 Talcott Forest Rd Unit F, Farmington, CT 06032","","10 Talcott Forest Rd Unit F","$3,200","4","2","1750","Condo for Rent","(857) 567-0377","https://www.apartments.com/10-talcott-forest-rd-farmington-ct-unit-f/1f037n5/","prosumer","No","","","","","2025-07-02T06:30:11.537Z"
"xqjx1mm","280 Salmon Brook St Unit 7105, Granby, CT 06035","","280 Salmon Brook St Unit 7105","$1,900","1","1","819","Condo for Rent","(717) 719-7054","https://www.apartments.com/280-salmon-brook-st-granby-ct-unit-7105/xqjx1mm/","prosumer","No","","","","","2025-07-02T06:30:11.559Z"
"1bl22r6","","","","","","","","","","","reinforcement","No","","","","","2025-07-02T06:30:11.573Z"
"26nrr2b","280 Salmon Brook St Unit 5210, Granby, CT 06035","","280 Salmon Brook St Unit 5210","$2,550","2","2","1160","Condo for Rent","(717) 719-7054","https://www.apartments.com/280-salmon-brook-st-granby-ct-unit-5210/26nrr2b/","prosumer","No","","","","","2025-07-02T06:30:11.582Z"
"ldwlkre","280 Salmon Brook St Unit 5205, Granby, CT 06035","","280 Salmon Brook St Unit 5205","$2,550","2","2","1160","Condo for Rent","(717) 719-7054","https://www.apartments.com/280-salmon-brook-st-granby-ct-unit-5205/ldwlkre/","prosumer","No","","","","","2025-07-02T06:30:11.598Z"
"xnsx34n","280 Salmon Brook St Unit 6206, Granby, CT 06035","","280 Salmon Brook St Unit 6206","$2,850","3","2","1501","Condo for Rent","(717) 719-7054","https://www.apartments.com/280-salmon-brook-st-granby-ct-unit-6206/xnsx34n/","prosumer","No","","","","","2025-07-02T06:30:11.607Z"
"nnrn32n","280 Salmon Brook St Unit 7206, Granby, CT 06035","","280 Salmon Brook St Unit 7206","$2,850","3","2","1501","Condo for Rent","(717) 719-7054","https://www.apartments.com/280-salmon-brook-st-granby-ct-unit-7206/nnrn32n/","prosumer","No","","","","","2025-07-02T06:30:11.625Z"
"7wy7kqx","280 Salmon Brook St Unit 5211, Granby, CT 06035","","280 Salmon Brook St Unit 5211","$2,300","1","1","941","Condo for Rent","(717) 719-7054","https://www.apartments.com/280-salmon-brook-st-granby-ct-unit-5211/7wy7kqx/","prosumer","No","","","","","2025-07-02T06:30:11.640Z"
"ret2c13","280 Salmon Brook St Unit 5304, Granby, CT 06035","","280 Salmon Brook St Unit 5304","$2,300","1","1","941","Condo for Rent","(717) 719-7054","https://www.apartments.com/280-salmon-brook-st-granby-ct-unit-5304/ret2c13/","prosumer","No","","","","","2025-07-02T06:30:11.649Z"
"j0tcsf6","33 Howland Rd, West Hartford, CT 06107","","33 Howland Rd","$4,200","4","2.5","1836","House for Rent","(610) 972-2101","https://www.apartments.com/33-howland-rd-west-hartford-ct/j0tcsf6/","prosumer","No","","","","","2025-07-02T06:30:11.666Z"
"6rfq7lv","39 Washington St Unit 302, Bristol, CT 06010","","39 Washington St Unit 302","$1,700","2","1","900","Apartment for Rent","(860) 205-8640","https://www.apartments.com/39-washington-st-bristol-ct-unit-302/6rfq7lv/","prosumer","No","","","","","2025-07-02T06:30:11.682Z"
"d5whz8h","75 Harold Rd, Farmington, CT 06032","","75 Harold Rd","$3,200","3","3","1462","House for Rent","(860) 302-4411","https://www.apartments.com/75-harold-rd-farmington-ct/d5whz8h/","prosumer","No","","","","","2025-07-02T06:30:11.691Z"
"tr081bc","218 West St Unit C4, Bristol, CT 06010","","218 West St Unit C4","$1,450","2","1","11640","Apartment for Rent","(860) 919-7377","https://www.apartments.com/218-west-st-bristol-ct-unit-c4/tr081bc/","prosumer","No","","","","","2025-07-02T06:30:11.705Z"
"46m82wj","147 Overlook Ave Unit 2, New Britain, CT 06053","","147 Overlook Ave Unit 2","$1,600","3","1","1144","Apartment for Rent","(860) 402-8517","https://www.apartments.com/147-overlook-ave-new-britain-ct-unit-2/46m82wj/","prosumer","No","","","","","2025-07-02T06:30:11.715Z"
"nwt48vp","194 S Main St Unit 4, New Britain, CT 06051","","194 S Main St Unit 4","$1,150","1","1","700","Apartment for Rent","(203) 887-6226","https://www.apartments.com/194-s-main-st-new-britain-ct-unit-4/nwt48vp/","prosumer","No","","","","","2025-07-02T06:30:11.731Z"
"p79kc9v","76 Gridley St Unit 2nd floor, Bristol, CT 06010","","76 Gridley St Unit 2nd floor","$1,650","2","1","1092","Apartment for Rent","(860) 999-2818","https://www.apartments.com/76-gridley-st-bristol-ct-unit-2nd-floor/p79kc9v/","prosumer","No","","","","","2025-07-02T06:30:11.746Z"
"g04bvgw","19 Hurlburt St, New Britain, CT 06051","","19 Hurlburt St","$2,000","3","1.5","1128","Apartment for Rent","(860) 384-1947","https://www.apartments.com/19-hurlburt-st-new-britain-ct/g04bvgw/","prosumer","No","","","","","2025-07-02T06:30:11.755Z"
"bttbzj9","500 Farmington Ave Unit 2, New Britain, CT 06053","","500 Farmington Ave Unit 2","$1,750","3","1.5","1300","Apartment for Rent","(860) 402-8517","https://www.apartments.com/500-farmington-ave-new-britain-ct-unit-2/bttbzj9/","prosumer","No","","","","","2025-07-02T06:30:11.770Z"
"wmm456k","40 Pulaski St, New Britain, CT 06053","","40 Pulaski St","$1,800","2","1","2844","Apartment for Rent","(860) 508-8508","https://www.apartments.com/40-pulaski-st-new-britain-ct/wmm456k/","prosumer","No","","","","","2025-07-02T06:30:11.779Z"
"zh7xs1z","67 Brooklawn St Unit 2nd Floor, New Britain, CT 06052","","67 Brooklawn St Unit 2nd Floor","$1,600","2","1","1116","Apartment for Rent","(203) 464-5411","https://www.apartments.com/67-brooklawn-st-new-britain-ct-unit-2nd-floor/zh7xs1z/","prosumer","No","","","","","2025-07-02T06:30:11.808Z"
"fwlzktt","273 Queen St Unit APT 12B, Southington, CT 06489","","273 Queen St Unit APT 12B","$1,700","2","1.5","920","Condo for Rent","(860) 302-8394","https://www.apartments.com/273-queen-st-southington-ct-unit-apt-12b/fwlzktt/","prosumer","No","","","","","2025-07-02T06:30:11.816Z"
"pl5ls2t","171 School St Unit 2E, Bristol, CT 06010","","171 School St Unit 2E","$1,375","2","1","1300","Apartment for Rent","(860) 970-6613","https://www.apartments.com/171-school-st-bristol-ct-unit-2e/pl5ls2t/","prosumer","No","","","","","2025-07-02T06:30:11.830Z"
"gt1hhpw","115 Belden St, New Britain, CT 06051","","115 Belden St","$2,475","3","1","1350","Apartment for Rent","(860) 815-1280","https://www.apartments.com/115-belden-st-new-britain-ct/gt1hhpw/","prosumer","No","","","","","2025-07-02T06:30:11.839Z"
"c52tbrf","541 Burritt St, New Britain, CT 06053","","541 Burritt St","$3,500","6","2.5","2226","Apartment for Rent","(860) 874-6646","https://www.apartments.com/541-burritt-st-new-britain-ct/c52tbrf/","prosumer","No","","","","","2025-07-02T06:30:11.853Z"
"2j75wqb","15 Burnham St Unit 2, Plymouth, CT 06786","","15 Burnham St Unit 2","$2,200","6","3","1901","Apartment for Rent","(203) 241-0594","https://www.apartments.com/15-burnham-st-plymouth-ct-unit-2/2j75wqb/","prosumer","No","","","","","2025-07-02T06:30:11.862Z"
"mdxrdsl","541 Burritt St Unit 1 Floor, New Britain, CT 06053","","541 Burritt St Unit 1 Floor","$1,750","3","1","2226","Apartment for Rent","(860) 874-6646","https://www.apartments.com/541-burritt-st-new-britain-ct-unit-1-floor/mdxrdsl/","prosumer","No","","","","","2025-07-02T06:30:11.876Z"
"4fpt87k","115 W Avon Rd, Farmington, CT 06085","","115 W Avon Rd","$4,000","4","3","2642","House for Rent","(203) 228-3738","https://www.apartments.com/115-w-avon-rd-farmington-ct/4fpt87k/","prosumer","No","","","","","2025-07-02T06:30:14.457Z"
"hl61ql0","66 Winthrop St, New Britain, CT 06052","","66 Winthrop St","$2,100","3","2","3946","Apartment for Rent","(860) 478-8674","https://www.apartments.com/66-winthrop-st-new-britain-ct/hl61ql0/","prosumer","No","","","","","2025-07-02T06:30:14.486Z"
"82cemg0","48 S Burritt St Unit 1R, New Britain, CT 06052","","48 S Burritt St Unit 1R","$1,650","2","1","900","Apartment for Rent","(860) 916-6433","https://www.apartments.com/48-s-burritt-st-new-britain-ct-unit-1r/82cemg0/","prosumer","No","","","","","2025-07-02T06:30:14.508Z"
"61l2ens","55 Bishop Ln, Avon, CT 06001","","55 Bishop Ln","$25,000","6","6","12157","House for Rent","(860) 874-6646","https://www.apartments.com/55-bishop-ln-avon-ct/61l2ens/","prosumer","No","","","","","2025-07-02T06:30:14.521Z"
"km3j3mc","93 Caesar Dr Unit 95, Bristol, CT 06010","","93 Caesar Dr Unit 95","$1,700","2","1.5","1411","Apartment for Rent","(860) 996-4012","https://www.apartments.com/93-caesar-dr-bristol-ct-unit-95/km3j3mc/","prosumer","No","","","","","2025-07-02T06:30:14.535Z"
"klenycc","642 Stafford Ave Unit 4, Bristol, CT 06010","","642 Stafford Ave Unit 4","$2,000","2","1","1080","Apartment for Rent","(860) 538-7567","https://www.apartments.com/642-stafford-ave-bristol-ct-unit-4/klenycc/","prosumer","No","","","","","2025-07-02T06:30:14.544Z"
"p4jjs0s","24 Willis St Unit 1, Bristol, CT 06010","","24 Willis St Unit 1","$2,700","4","1","1500","Apartment for Rent","(203) 512-3303","https://www.apartments.com/24-willis-st-bristol-ct-unit-1/p4jjs0s/","prosumer","No","","","","","2025-07-02T06:30:14.558Z"
"m231dvh","8 Alto Rd Unit C Rear, Burlington, CT 06013","","8 Alto Rd Unit C Rear","$2,200","2","1","1200","Apartment for Rent","(860) 309-0474","https://www.apartments.com/8-alto-rd-burlington-ct-unit-c-rear/m231dvh/","prosumer","No","","","","","2025-07-02T06:30:14.572Z"
"v5bbh8d","160 Main St Unit 2B, New Britain, CT 06051","","160 Main St Unit 2B","$1,988","2","1","1100","Apartment for Rent","(215) 730-5401","https://www.apartments.com/160-main-st-new-britain-ct-unit-2b/v5bbh8d/","prosumer","No","","","","","2025-07-02T06:30:14.581Z"
"s7bxtv6","178 New Britain Rd, Berlin, CT 06037","","178 New Britain Rd","$2,600","2","1.5","744","House for Rent","(203) 695-8486","https://www.apartments.com/178-new-britain-rd-berlin-ct/s7bxtv6/","prosumer","No","","","","","2025-07-02T06:30:14.595Z"
"3p9kemd","136 Liberty St Unit 111, Southington, CT 06489","","136 Liberty St Unit 111","$2,200","2","1","1060","Apartment for Rent","(860) 919-4484","https://www.apartments.com/136-liberty-st-southington-ct-unit-111/3p9kemd/","prosumer","No","","","","","2025-07-02T06:30:14.604Z"
"4k9w67k","267 N Washington St, Plainville, CT 06062","","267 N Washington St","$2,400","4","1","1202","House for Rent","(860) 474-3762","https://www.apartments.com/267-n-washington-st-plainville-ct/4k9w67k/","prosumer","No","","","","","2025-07-02T06:30:14.618Z"
"yyt6kds","4 Beth Ct Unit 2, New Britain, CT 06053","","4 Beth Ct Unit 2","$1,600","3","1","1240","Apartment for Rent","(860) 883-2099","https://www.apartments.com/4-beth-ct-new-britain-ct-unit-2/yyt6kds/","prosumer","No","","","","","2025-07-02T06:30:14.634Z"
"85flzn1","86 Rockwell Ave Unit 1st Fl, New Britain, CT 06051","","86 Rockwell Ave Unit 1st Fl","$1,500","2","1","826","Apartment for Rent","(860) 874-3824","https://www.apartments.com/86-rockwell-ave-new-britain-ct-unit-1st-fl/85flzn1/","prosumer","No","","","","","2025-07-02T06:30:14.643Z"
"1p0pkv4","181 Farms Village Rd, Simsbury, CT 06092","","181 Farms Village Rd","$4,500","4","3.5","2732","House for Rent","(860) 878-1607","https://www.apartments.com/181-farms-village-rd-simsbury-ct/1p0pkv4/","prosumer","No","","","","","2025-07-02T06:30:14.658Z"
"nbvpkfp","15 Trout Brook Rd, Bristol, CT 06010","","15 Trout Brook Rd","$1,700","3","1","1046","Apartment for Rent","(860) 874-6646","https://www.apartments.com/15-trout-brook-rd-bristol-ct/nbvpkfp/","prosumer","No","","","","","2025-07-02T06:30:14.666Z"
"jrlv0w4","267 Main St Unit 512, New Britain, CT 06051","","267 Main St Unit 512","$1,625","","1","501","Apartment for Rent","(860) 919-0709","https://www.apartments.com/267-main-st-new-britain-ct-unit-512/jrlv0w4/","prosumer","No","","","","","2025-07-02T06:30:14.693Z"
"lhlshxd","267 Main St Unit 602, New Britain, CT 06051","","267 Main St Unit 602","$1,925","1","1","620","Apartment for Rent","(860) 919-0709","https://www.apartments.com/267-main-st-new-britain-ct-unit-602/lhlshxd/","prosumer","No","","","","","2025-07-02T06:30:14.702Z"
"6gfpzwr","267 Main St Unit 519, New Britain, CT 06051","","267 Main St Unit 519","$1,800","","1","514","Apartment for Rent","(860) 919-0709","https://www.apartments.com/267-main-st-new-britain-ct-unit-519/6gfpzwr/","prosumer","No","","","","","2025-07-02T06:30:14.710Z"
"w0jd8zk","267 Main St Unit 504, New Britain, CT 06051","","267 Main St Unit 504","$2,200","1","1","768","Apartment for Rent","(860) 919-0709","https://www.apartments.com/267-main-st-new-britain-ct-unit-504/w0jd8zk/","prosumer","No","","","","","2025-07-02T06:30:14.724Z"
"769ep2y","267 Main St Unit 516, New Britain, CT 06051","","267 Main St Unit 516","$2,725","2","2","995","Apartment for Rent","(860) 919-0709","https://www.apartments.com/267-main-st-new-britain-ct-unit-516/769ep2y/","prosumer","No","","","","","2025-07-02T06:30:14.738Z"
"58jg0lm","267 Main St Unit 518, New Britain, CT 06051","","267 Main St Unit 518","$2,850","2","1","1043","Apartment for Rent","(860) 919-0709","https://www.apartments.com/267-main-st-new-britain-ct-unit-518/58jg0lm/","prosumer","No","","","","","2025-07-02T06:30:14.747Z"
"bvztvsc","267 Main St Unit 506, New Britain, CT 06051","","267 Main St Unit 506","$2,300","1","1","747","Apartment for Rent","(860) 919-0709","https://www.apartments.com/267-main-st-new-britain-ct-unit-506/bvztvsc/","prosumer","No","","","","","2025-07-02T06:30:14.761Z"
"lr49plf","23 Vine Hill Rd, Farmington, CT 06032","","23 Vine Hill Rd","$4,750","4","3.5","3194","House for Rent","(860) 989-9076","https://www.apartments.com/23-vine-hill-rd-farmington-ct/lr49plf/","prosumer","No","","","","","2025-07-02T06:30:14.774Z"
"rmhbnc0","31 Rivermead, Avon, CT 06001","","31 Rivermead","$3,150","3","3.5","1872","Condo for Rent","(860) 919-1631","https://www.apartments.com/31-rivermead-avon-ct/rmhbnc0/","prosumer","No","","","","","2025-07-02T06:30:14.783Z"
"05d9180","29 City Ave Unit 1, New Britain, CT 06051","","29 City Ave Unit 1","$1,650","3","1","1181","Apartment for Rent","(860) 368-1931","https://www.apartments.com/29-city-ave-new-britain-ct-unit-1/05d9180/","prosumer","No","","","","","2025-07-02T06:30:14.796Z"
"37x8sje","165 School St Unit 4, Bristol, CT 06010","","165 School St Unit 4","$1,300","2","1","850","Apartment for Rent","(860) 970-6613","https://www.apartments.com/165-school-st-bristol-ct-unit-4/37x8sje/","prosumer","No","","","","","2025-07-02T06:30:14.809Z"
"y6db4ss","42 Rosedale Rd, West Hartford, CT 06107","","42 Rosedale Rd","$3,500","4","1.5","2262","House for Rent","(855) 550-0528","https://www.apartments.com/42-rosedale-rd-west-hartford-ct/y6db4ss/","prosumer","No","","","","","2025-07-02T06:30:14.818Z"
"e75tl6m","44 N Rd, East Granby, CT 06026","","44 N Rd","$3,300","4","2","1786","House for Rent","(860) 655-7590","https://www.apartments.com/44-n-rd-east-granby-ct/e75tl6m/","prosumer","No","","","","","2025-07-02T06:30:14.832Z"
"fgnjtlt","242 High St, Bristol, CT 06010","","242 High St","$1,650","2","1","1102","Apartment for Rent","(860) 996-4012","https://www.apartments.com/242-high-st-bristol-ct/fgnjtlt/","prosumer","No","","","","","2025-07-02T06:30:14.841Z"
"7tp4kww","98 Carlton St, New Britain, CT 06053","","98 Carlton St","$1,600","2","1","800","House for Rent","(203) 996-0513","https://www.apartments.com/98-carlton-st-new-britain-ct/7tp4kww/","prosumer","No","","","","","2025-07-02T06:30:14.855Z"
"k3n8fk9","5 Cherry Brook Rd Unit 322, Canton, CT 06019","","5 Cherry Brook Rd Unit 322","$2,595","2","2","1188","Apartment for Rent","(860) 977-3802","https://www.apartments.com/5-cherry-brook-rd-canton-ct-unit-322/k3n8fk9/","prosumer","No","","","","","2025-07-02T06:30:14.870Z"
"9byrxj4","38 Windmill Springs Unit 38, Granby, CT 06035","","38 Windmill Springs Unit 38","$2,550","2","2.5","1682","Condo for Rent","(860) 573-0277","https://www.apartments.com/38-windmill-springs-granby-ct-unit-38/9byrxj4/","prosumer","No","","","","","2025-07-02T06:30:14.884Z"
"r1000x1","146 Bristol St, Southington, CT 06489","","146 Bristol St","$1,600","2","1","900","Apartment for Rent","(203) 343-1071","https://www.apartments.com/146-bristol-st-southington-ct/r1000x1/","prosumer","No","","","","","2025-07-02T06:30:14.899Z"
"dv0175l","157 Liberty St, Southington, CT 06489","","157 Liberty St","$2,100","3","1","1000","Apartment for Rent","(203) 525-1919","https://www.apartments.com/157-liberty-st-southington-ct/dv0175l/","prosumer","No","","","","","2025-07-02T06:30:14.907Z"
"tlrygd8","61 Lake Garda Dr, Farmington, CT 06085","","61 Lake Garda Dr","$3,200","4","2","1632","House for Rent","(860) 841-4071","https://www.apartments.com/61-lake-garda-dr-farmington-ct/tlrygd8/","prosumer","No","","","","","2025-07-02T06:30:14.921Z"
"v75qlzf","30 West St Unit 1st fl, New Britain, CT 06051","","30 West St Unit 1st fl","$1,600","3","1","1280","Apartment for Rent","(860) 382-5115","https://www.apartments.com/30-west-st-new-britain-ct-unit-1st-fl/v75qlzf/","prosumer","No","","","","","2025-07-02T06:30:14.935Z"
"67ngpms","5 Cherry Brook Rd Unit 305, Canton, CT 06019","","5 Cherry Brook Rd Unit 305","$2,595","2","2","1188","Apartment for Rent","(860) 977-3802","https://www.apartments.com/5-cherry-brook-rd-canton-ct-unit-305/67ngpms/","prosumer","No","","","","","2025-07-02T06:30:14.944Z"
"dlg9nmh","100 Norton Park Rd Unit 3A2, Plainville, CT 06062","","100 Norton Park Rd Unit 3A2","$2,300","3","1.5","900","Apartment for Rent","(860) 268-8882","https://www.apartments.com/100-norton-park-rd-plainville-ct-unit-3a2/dlg9nmh/","prosumer","No","","","","","2025-07-02T06:30:14.958Z"
"ctxn6yf","43 Prattling Pond Rd, Farmington, CT 06032","","43 Prattling Pond Rd","$7,500","4","3","4064","House for Rent","(860) 874-6646","https://www.apartments.com/43-prattling-pond-rd-farmington-ct/ctxn6yf/","prosumer","No","","","","","2025-07-02T06:30:14.967Z"
"fqtqjzs","41 Mallard Dr Unit 41, Avon, CT 06001","","41 Mallard Dr Unit 41","$2,700","2","2","1258","Condo for Rent","(860) 573-0277","https://www.apartments.com/41-mallard-dr-avon-ct-unit-41/fqtqjzs/","prosumer","No","","","","","2025-07-02T06:30:17.526Z"
"d0lnrkj","220 Main St Unit APT 7L, New Hartford, CT 06057","","220 Main St Unit APT 7L","$1,800","2","1.5","1136","Condo for Rent","(860) 729-8250","https://www.apartments.com/220-main-st-new-hartford-ct-unit-apt-7l/d0lnrkj/","prosumer","No","","","","","2025-07-02T06:30:17.541Z"
"wg4z24l","35 Circle St, Bristol, CT 06010","","35 Circle St","$1,000","1","1","487","Apartment for Rent","(860) 601-8217","https://www.apartments.com/35-circle-st-bristol-ct/wg4z24l/","prosumer","No","","","","","2025-07-02T06:30:17.555Z"
"9ssrgf6","371 Bucks Hl Rd Unit 2, Waterbury, CT 06704","","371 Bucks Hl Rd Unit 2","$1,600","2","1","988","Apartment for Rent","(203) 317-9698","https://www.apartments.com/371-bucks-hl-rd-waterbury-ct-unit-2/9ssrgf6/","prosumer","No","","","","","2025-07-02T06:30:17.571Z"
"rdtm8y0","59 Bradford Walk Unit 59, Farmington, CT 06032","","59 Bradford Walk Unit 59","$3,500","2","2.5","2126","Condo for Rent","(860) 944-3773","https://www.apartments.com/59-bradford-walk-farmington-ct-unit-59/rdtm8y0/","prosumer","No","","","","","2025-07-02T06:30:17.579Z"
"qpqw99z","4 Grandview Dr Unit 53C, Farmington, CT 06032","","4 Grandview Dr Unit 53C","$1,950","1","1","725","Condo for Rent","(860) 558-1880","https://www.apartments.com/4-grandview-dr-farmington-ct-unit-53c/qpqw99z/","prosumer","No","","","","","2025-07-02T06:30:17.593Z"
"bsxnclb","185 Newell Ave Unit C, Bristol, CT 06010","","185 Newell Ave Unit C","$1,800","2","1.5","3120","Apartment for Rent","(860) 801-7630","https://www.apartments.com/185-newell-ave-bristol-ct-unit-c/bsxnclb/","prosumer","No","","","","","2025-07-02T06:30:17.608Z"
"kdjxfc9","270 Linwood St Unit 3rd fl, New Britain, CT 06052","","270 Linwood St Unit 3rd fl","$1,850","3","1","1376","Apartment for Rent","(860) 382-5115","https://www.apartments.com/270-linwood-st-new-britain-ct-unit-3rd-fl/kdjxfc9/","prosumer","No","","","","","2025-07-02T06:30:17.618Z"
"nw4zd7n","44 Simsbury Manor Dr, Simsbury, CT 06089","","44 Simsbury Manor Dr","$3,300","4","2","1828","House for Rent","(860) 970-3040","https://www.apartments.com/44-simsbury-manor-dr-simsbury-ct/nw4zd7n/","prosumer","No","","","","","2025-07-02T06:30:17.632Z"
"fmfnbvs","253 Main St, Plymouth, CT 06786","","253 Main St","$1,650","3","1","3120","Apartment for Rent","(203) 768-8803","https://www.apartments.com/253-main-st-plymouth-ct/fmfnbvs/","prosumer","No","","","","","2025-07-02T06:30:17.642Z"
"k09qt9c","115 High St Unit Second Floor, Bristol, CT 06010","","115 High St Unit Second Floor","$1,450","2","1","850","Apartment for Rent","(203) 651-8421","https://www.apartments.com/115-high-st-bristol-ct-unit-second-floor/k09qt9c/","prosumer","No","","","","","2025-07-02T06:30:17.656Z"
"wxt6c2l","41 Crocus Ln Unit 41, Avon, CT 06001","","41 Crocus Ln Unit 41","$2,800","2","2","1350","Condo for Rent","(860) 402-6924","https://www.apartments.com/41-crocus-ln-avon-ct-unit-41/wxt6c2l/","prosumer","No","","","","","2025-07-02T06:30:17.670Z"
"grggpjy","246 Woodford Ave Unit APT 3, Plainville, CT 06062","","246 Woodford Ave Unit APT 3","$1,700","2","2","1024","Condo for Rent","(610) 972-2101","https://www.apartments.com/246-woodford-ave-plainville-ct-unit-apt-3/grggpjy/","prosumer","No","","","","","2025-07-02T06:30:17.679Z"
"13215x7","29 Chestnut Hill Rd, West Hartford, CT 06107","","29 Chestnut Hill Rd","$5,000","4","2.5","3342","House for Rent","(860) 424-7884","https://www.apartments.com/29-chestnut-hill-rd-west-hartford-ct/13215x7/","prosumer","No","","","","","2025-07-02T06:30:17.693Z"
"0gjt9v2","31 George St, Bristol, CT 06010","","31 George St","$1,600","3","1","1105","Apartment for Rent","(860) 335-0681","https://www.apartments.com/31-george-st-bristol-ct/0gjt9v2/","prosumer","No","","","","","2025-07-02T06:30:17.702Z"
"4tnn80k","287 South Rd, Farmington, CT 06032","","287 South Rd","$1,800","1","1","650","House for Rent","(860) 262-2753","https://www.apartments.com/287-south-rd-farmington-ct/4tnn80k/","prosumer","No","","","","","2025-07-02T06:30:17.720Z"
"7tpdh7w","87 Meadow St, Bristol, CT 06010","","87 Meadow St","$1,300","1","1","700","Apartment for Rent","(860) 689-2691","https://www.apartments.com/87-meadow-st-bristol-ct/7tpdh7w/","prosumer","No","","","","","2025-07-02T06:30:17.734Z"
"90z22l5","75 Park Dr, New Britain, CT 06053","","75 Park Dr","$2,800","3","1","1857","House for Rent","(203) 510-5460","https://www.apartments.com/75-park-dr-new-britain-ct/90z22l5/","prosumer","No","","","","","2025-07-02T06:30:17.743Z"
"0d42lt3","41 Washington St Unit 301, Bristol, CT 06010","","41 Washington St Unit 301","$1,700","2","1","","Apartment for Rent","(860) 205-8640","https://www.apartments.com/41-washington-st-bristol-ct-unit-301/0d42lt3/","prosumer","No","","","","","2025-07-02T06:30:17.757Z"
"mwged7h","238 Booth St, New Britain, CT 06053","","238 Booth St","$1,700","3","1","1168","Apartment for Rent","(860) 331-5156","https://www.apartments.com/238-booth-st-new-britain-ct/mwged7h/","prosumer","No","","","","","2025-07-02T06:30:17.770Z"
"qew4wfy","45 Park Pl Unit APT 202, New Britain, CT 06052","","45 Park Pl Unit APT 202","$1,400","1","1","691","Condo for Rent","(203) 651-8421","https://www.apartments.com/45-park-pl-new-britain-ct-unit-apt-202/qew4wfy/","prosumer","No","","","","","2025-07-02T06:30:17.785Z"
"dwlzyqk","305 Slater Rd, New Britain, CT 06053","","305 Slater Rd","$2,950","4","1","1040","House for Rent","(860) 790-9858","https://www.apartments.com/305-slater-rd-new-britain-ct/dwlzyqk/","prosumer","No","","","","","2025-07-02T06:30:17.802Z"
"tchvqxb","60 Southdown Dr, Bristol, CT 06010","","60 Southdown Dr","$3,700","3","2.5","2768","House for Rent","(203) 772-9075","https://www.apartments.com/60-southdown-dr-bristol-ct/tchvqxb/","prosumer","No","","","","","2025-07-02T06:30:17.811Z"
"nstfegn","92 Stewart St Unit 3, Bristol, CT 06010","","92 Stewart St Unit 3","$1,550","3","1","3864","Apartment for Rent","(860) 712-7419","https://www.apartments.com/92-stewart-st-bristol-ct-unit-3/nstfegn/","prosumer","No","","","","","2025-07-02T06:30:17.839Z"
"4p752ej","92 Stewart St Unit 1, Bristol, CT 06010","","92 Stewart St Unit 1","$1,550","3","1","3864","Apartment for Rent","(860) 712-7419","https://www.apartments.com/92-stewart-st-bristol-ct-unit-1/4p752ej/","prosumer","No","","","","","2025-07-02T06:30:17.848Z"
"f5f1dcr","70 Whiting St Unit Apt C, Plainville, CT 06062","","70 Whiting St Unit Apt C","$2,500","2","1.5","1200","Apartment for Rent","(860) 538-7567","https://www.apartments.com/70-whiting-st-plainville-ct-unit-apt-c/f5f1dcr/","prosumer","No","","","","","2025-07-02T06:30:17.856Z"
"dg63ytj","70 Whiting St Unit Apt D, Plainville, CT 06062","","70 Whiting St Unit Apt D","$2,500","2","1.5","1200","Apartment for Rent","(860) 538-7567","https://www.apartments.com/70-whiting-st-plainville-ct-unit-apt-d/dg63ytj/","prosumer","No","","","","","2025-07-02T06:30:17.870Z"
"vwcf5tf","70 Whiting St Unit Apt H, Plainville, CT 06062","","70 Whiting St Unit Apt H","$2,500","2","1.5","1200","Apartment for Rent","(860) 538-7567","https://www.apartments.com/70-whiting-st-plainville-ct-unit-apt-h/vwcf5tf/","prosumer","No","","","","","2025-07-02T06:30:17.885Z"
"1m8mnj6","70 Whiting St Unit Apt B, Plainville, CT 06062","","70 Whiting St Unit Apt B","$2,500","2","1.5","1200","Apartment for Rent","(860) 538-7567","https://www.apartments.com/70-whiting-st-plainville-ct-unit-apt-b/1m8mnj6/","prosumer","No","","","","","2025-07-02T06:30:17.894Z"
"qvssmvy","25 Locust St, New Britain, CT 06051","","25 Locust St","$1,395","2","1","800","Apartment for Rent","(860) 250-5794","https://www.apartments.com/25-locust-st-new-britain-ct/qvssmvy/","prosumer","No","","","","","2025-07-02T06:30:17.908Z"
"4wce56h","214 Main St, Plymouth, CT 06786","","214 Main St","$1,495","2","1","990","Apartment for Rent","(475) 900-3101","https://www.apartments.com/214-main-st-plymouth-ct/4wce56h/","prosumer","No","","","","","2025-07-02T06:30:17.922Z"
"qxchyyw","23 Lyman St Unit #3 East, New Britain, CT 06053","","23 Lyman St Unit #3 East","$1,200","1","1","800","Apartment for Rent","(475) 221-4692","https://www.apartments.com/23-lyman-st-new-britain-ct-unit-3-east/qxchyyw/","prosumer","No","","","","","2025-07-02T06:30:17.931Z"
"vjnfb4g","155 Redstone Hl Rd Unit 10, Bristol, CT 06010","","155 Redstone Hl Rd Unit 10","$1,800","2","1.5","1092","Condo for Rent","(860) 655-3711","https://www.apartments.com/155-redstone-hl-rd-bristol-ct-unit-10/vjnfb4g/","prosumer","No","","","","","2025-07-02T06:30:17.945Z"
"xcyylhp","167 N Main St, Southington, CT 06489","","167 N Main St","$2,275","2","1.5","1400","Apartment for Rent","(203) 631-4312","https://www.apartments.com/167-n-main-st-southington-ct/xcyylhp/","prosumer","No","","","","","2025-07-02T06:30:17.955Z"
"ybs7bgr","41 Briarwood Rd, West Hartford, CT 06107","","41 Briarwood Rd","$2,700","2","1","1435","House for Rent","(860) 712-9665","https://www.apartments.com/41-briarwood-rd-west-hartford-ct/ybs7bgr/","prosumer","No","","","","","2025-07-02T06:30:17.969Z"
"gwshp6y","1657 Farmington Ave, Farmington, CT 06085","","1657 Farmington Ave","$3,000","4","2.5","1608","House for Rent","(860) 913-9411","https://www.apartments.com/1657-farmington-ave-farmington-ct/gwshp6y/","prosumer","No","","","","","2025-07-02T06:30:17.983Z"
"fq0zxzs","5 Grandview Dr Unit 11D, Farmington, CT 06032","","5 Grandview Dr Unit 11D","$1,650","1","1","725","Condo for Rent","(860) 995-9991","https://www.apartments.com/5-grandview-dr-farmington-ct-unit-11d/fq0zxzs/","prosumer","No","","","","","2025-07-02T06:30:17.991Z"
"9xykj97","162 Columbia St, New Britain, CT 06052","","162 Columbia St","$1,790","2","1","1273","Apartment for Rent","(860) 985-2920","https://www.apartments.com/162-columbia-st-new-britain-ct/9xykj97/","prosumer","No","","","","","2025-07-02T06:30:18.005Z"
"81v3d31","19 Sunrise Terrace, Simsbury, CT 06089","","19 Sunrise Terrace","$2,650","3","1","1404","House for Rent","(203) 233-8913","https://www.apartments.com/19-sunrise-terrace-simsbury-ct/81v3d31/","prosumer","No","","","","","2025-07-02T06:30:18.015Z"
"q6v3hly","45 Connerton St Unit 2nd Fl, New Britain, CT 06051","","45 Connerton St Unit 2nd Fl","$1,400","2","1","3740","Apartment for Rent","(860) 306-0649","https://www.apartments.com/45-connerton-st-new-britain-ct-unit-2nd-fl/q6v3hly/","prosumer","No","","","","","2025-07-02T06:30:18.029Z"
"712732854065767","1 Bed 1 Bath - Apartment","Farmington, Connecticut","Farmington, CT","$1,500","1","1","","apartment","","","facebook","No","Facebook Marketplace","41.7360305","-72.79502699999999","google-places-facebook","2025-07-02T06:30:20.055Z"
"3722659034703107","2 Beds 2 Baths Apartment","West Hartford, Connecticut","West Hartford, CT","$1,042","2","2","","apartment","","","facebook","No","Facebook Marketplace","41.7619288","-72.7421737","google-places-facebook","2025-07-02T06:30:21.672Z"
"501473196006232","2 Beds 1 Bath Apartment","West Hartford, Connecticut","West Hartford, CT","$2,163","2","1","","apartment","","","facebook","No","Facebook Marketplace","41.7619288","-72.7421737","google-places-facebook","2025-07-02T06:30:23.104Z"
"1365024311401904","1 Bed 1 Bath Apartment","Bloomfield, Connecticut","Bloomfield, CT","$1,750","1","1","","apartment","","","facebook","No","Facebook Marketplace","41.826488","-72.73009449999999","google-places-facebook","2025-07-02T06:30:24.140Z"
"990938353196573","2 Beds 1 Bath Apartment","Bloomfield, Connecticut","Bloomfield, CT","$1,975","2","1","","apartment","","","facebook","No","Facebook Marketplace","41.826488","-72.73009449999999","google-places-facebook","2025-07-02T06:30:25.560Z"
"722298393653920","1 Bed 1 Bath Apartment","Bloomfield, Connecticut","Bloomfield, CT","$600","1","1","","apartment","","","facebook","No","Facebook Marketplace","41.826488","-72.73009449999999","google-places-facebook","2025-07-02T06:30:26.690Z"
"1124453365817099","2 Beds 2 Baths Apartment","Bloomfield, Connecticut","Bloomfield, CT","$1,300","2","2","","apartment","","","facebook","No","Facebook Marketplace","41.826488","-72.73009449999999","google-places-facebook","2025-07-02T06:30:27.721Z"
"1172681461567059","1 bed 1 bath apartment for rent !!!","Bloomfield, Connecticut","","$200","","","","apartment","","","facebook","No","Facebook Marketplace","41.826488","-72.73009449999999","google-places-facebook","2025-07-02T06:30:28.839Z"
"3858929364437048","1 Bed 1 Bath Apartment/condo","West Hartford, Connecticut","West Hartford, CT","$650","1","1","","apartment","","","facebook","No","Facebook Marketplace","41.7619288","-72.7421737","google-places-facebook","2025-07-02T06:30:30.273Z"
"960463402772718","Apartment for Rent : 1 Bed 1 Bathroom","Farmington, Connecticut","","$700","","","","apartment","","","facebook","No","Facebook Marketplace","41.7360305","-72.79502699999999","google-places-facebook","2025-07-02T06:30:31.400Z"
"1646282959383899","1 Bed 1 Bath Apartment","Bloomfield, Connecticut","Bloomfield, CT","$1,100","1","1","","apartment","","","facebook","No","Facebook Marketplace","41.826488","-72.73009449999999","google-places-facebook","2025-07-02T06:30:32.833Z"
"581915528146284","1 Bed 1 Bath Apartment","Avon, Connecticut","Avon, CT","$890","1","1","","apartment","","","facebook","No","Facebook Marketplace","41.8096201","-72.8305154","google-places-facebook","2025-07-02T06:30:33.959Z"